unidad,tipo_unidad,sector,nombre,email,rut,telefono,tipo_vinculo,es_residente,recibe_notificaciones,es_responsable,estacionamiento1,estacionamiento2,estacionamiento3,patente1,tipo_vehiculo1,marca1,modelo1,color1,patente2,tipo_vehiculo2,marca2,modelo2,color2,est2,patente3,tipo_vehiculo3,marca3,modelo3,color3,est3,bodega1,bodega2,bodega3
1,CASA,sector 1,juan ramirez,juan.ramirez@gmail.com,17.532.930-7,56944993888,PROPIETARIO,SI,SI,SI,E-1,,,JWRR01,AUTO,Toyota,Corolla,Blanco,,,,,,,,,,,,,,,
1,CASA,sector 1,Alonso Silva Muñoz,residente2casa1@vista.cl,22.441.152-9,56946913810,RESIDENTE_ADICIONAL,SI,SI,NO,,,,,,,,,,,,,,,,,,,,,,,
2,CASA,sector 1,Miguel Aguilera Soto,residente1casa2@vista.cl,19.906.820-2,56966629388,PROPIETARIO,SI,SI,SI,E-2,,,,,,,,,,,,,,,,,,,,,,
3,CASA,sector 1,Fernanda Henriquez Molina,propietario_casa3@vista.cl,10.445.199-3,56985329037,PROPIETARIO,NO,NO,NO,,,,,,,,,,,,,,,,,,,,,,,
3,CASA,sector 1,Lucas Valdes Vergara,residente1casa3@vista.cl,12.608.513-3,56938898923,ARRENDATARIO,SI,SI,SI,E-3,,,KLHW30,CAMIONETA,Ford,Ranger,Azul,,,,,,,,,,,,,,,
4,CASA,sector 1,Antonella Cortes Cortes,residente1casa4@vista.cl,20.128.842-8,56945503389,PROPIETARIO,SI,SI,SI,E-4,,,,,,,,,,,,,,,,,,,,,,
4,CASA,sector 1,Claudio Rojas Lagos,residente2casa4@vista.cl,17.707.870-0,56981971316,RESIDENTE_ADICIONAL,SI,NO,NO,,,,,,,,,,,,,,,,,,,,,,,
5,CASA,sector 1,Alonso Herrera Fuentes,propietario_casa5@vista.cl,19.686.361-3,56935808537,PROPIETARIO,NO,NO,NO,,,,,,,,,,,,,,,,,,,,,,,
5,CASA,sector 1,Catalina Molina Campos,residente1casa5@vista.cl,12.871.230-5,56981691040,ARRENDATARIO,SI,SI,SI,E-5,,,UZWW58,AUTO,Toyota,Yaris,Gris,JJFG97,AUTO,Suzuki,Baleno,Azul,,,,,,,,,,
5,CASA,sector 1,Jorge Mendez Morales,residente3casa5@vista.cl,17.755.439-1,56960929647,RESIDENTE_ADICIONAL,SI,NO,NO,,,,,,,,,,,,,,,,,,,,,,,
6,CASA,sector 1,Gonzalo Olivares Espinoza,residente1casa6@vista.cl,13.567.281-5,56997971488,PROPIETARIO,SI,SI,SI,E-6,,,FAIG37,AUTO,Subaru,XV,Rojo,,,,,,,,,,,,,,,
6,CASA,sector 1,Santiago Rivera Rios,residente2casa6@vista.cl,17.698.256-K,56929175900,RESIDENTE_ADICIONAL,SI,SI,NO,,,,,,,,,,,,,,,,,,,,,,,
7,CASA,sector 1,Florencia Sepulveda Campos,residente1casa7@vista.cl,12.684.052-7,56966661351,PROPIETARIO,SI,SI,SI,E-7,,,FZNC16,AUTO,Peugeot,3008,Verde,,,,,,,,,,,,,,,
7,CASA,sector 1,Javier Perez Carrasco,residente2casa7@vista.cl,16.402.509-8,56989978790,RESIDENTE_ADICIONAL,NO,SI,NO,,,,,,,,,,,,,,,,,,,,,,,
8,CASA,sector 1,Jorge Silva Catalan,residente1casa8@vista.cl,24.844.286-7,56982070937,PROPIETARIO,SI,SI,SI,E-8,,,,,,,,,,,,,,,,,,,,,,
8,CASA,sector 1,Carlos Vergara Rios,residente2casa8@vista.cl,15.707.197-1,56924972279,RESIDENTE_ADICIONAL,SI,SI,NO,,,,,,,,,,,,,,,,,,,,,,,
8,CASA,sector 1,Sofia Lagos Lagos,residente3casa8@vista.cl,14.418.934-5,56977187530,RESIDENTE_ADICIONAL,SI,SI,NO,,,,,,,,,,,,,,,,,,,,,,,
9,CASA,sector 1,Cristian Campos Henriquez,propietario_casa9@vista.cl,20.216.824-8,56936697396,PROPIETARIO,NO,NO,NO,,,,,,,,,,,,,,,,,,,,,,,
9,CASA,sector 1,Florencia Fuentes Flores,residente1casa9@vista.cl,14.017.343-6,56917774584,ARRENDATARIO,SI,SI,SI,E-9,,,YXXP72,AUTO,Subaru,XV,Blanco,,,,,,,,,,,,,,,
9,CASA,sector 1,Camila Pizarro Soto,residente3casa9@vista.cl,11.437.026-6,56975228535,RESIDENTE_ADICIONAL,SI,NO,NO,,,,,,,,,,,,,,,,,,,,,,,
10,CASA,sector 1,Fernanda Perez Valdes,residente1casa10@vista.cl,10.352.896-8,56988961459,PROPIETARIO,SI,SI,SI,E-10,,,NPZY98,AUTO,Peugeot,208,Negro,ZQLN25,AUTO,Honda,Civic,Negro,,,,,,,,,,
11,CASA,sector 1,Andres Campos Diaz,residente1casa11@vista.cl,13.841.005-6,56919046318,PROPIETARIO,SI,SI,SI,E-11,,,,,,,,,,,,,,,,,,,,,,
11,CASA,sector 1,Marcelo Rojas Valdes,residente2casa11@vista.cl,11.188.789-6,56979008866,RESIDENTE_ADICIONAL,SI,SI,NO,,,,,,,,,,,,,,,,,,,,,,,
12,CASA,sector 1,Agustin Lagos Valdes,residente1casa12@vista.cl,23.431.713-K,56924665841,PROPIETARIO,SI,SI,SI,E-12,,,GMKC94,AUTO,Peugeot,3008,Plata,MSRZ22,AUTO,Mazda,CX-5,Blanco,,,,,,,,,,
13,CASA,sector 1,Emilia Rios Aguilera,residente1casa13@vista.cl,24.026.215-0,56911980765,PROPIETARIO,SI,SI,SI,E-13,,,MWBV80,AUTO,Suzuki,Swift,Blanco,,,,,,,,,,,,,,,
14,CASA,sector 1,Andres Ramos Sepulveda,residente1casa14@vista.cl,13.185.957-0,56949823450,PROPIETARIO,SI,SI,SI,E-14,,,MWXE10,AUTO,Kia,Cerato,Plata,UHSS81,CAMIONETA,Chevrolet,Colorado,Azul,,,,,,,,,,
14,CASA,sector 1,Agustina Diaz Peña,residente2casa14@vista.cl,22.343.621-8,56982772208,RESIDENTE_ADICIONAL,SI,SI,NO,,,,,,,,,,,,,,,,,,,,,,,
14,CASA,sector 1,Emilia Peña Vega,residente3casa14@vista.cl,18.436.429-8,56981286543,RESIDENTE_ADICIONAL,SI,NO,NO,,,,,,,,,,,,,,,,,,,,,,,
15,CASA,sector 1,Javier Perez Catalan,propietario_casa15@vista.cl,24.458.926-K,56941568532,PROPIETARIO,NO,NO,NO,,,,,,,,,,,,,,,,,,,,,,,
15,CASA,sector 1,Daniela Ortiz Lopez,residente1casa15@vista.cl,22.015.704-0,56952169044,ARRENDATARIO,SI,SI,SI,E-15,,,PQKP76,AUTO,Peugeot,3008,Gris,,,,,,,,,,,,,,,
16,CASA,sector 1,Natalia Morales Tapia,residente1casa16@vista.cl,23.987.919-5,56982909480,PROPIETARIO,SI,SI,SI,E-16,,,YYAQ82,AUTO,Nissan,Versa,Blanco,NDJB41,CAMIONETA,Toyota,Hilux,Gris,,,,,,,,,,
16,CASA,sector 1,Andres Flores Herrera,residente2casa16@vista.cl,23.540.890-2,56997775215,RESIDENTE_ADICIONAL,SI,SI,NO,,,,,,,,,,,,,,,,,,,,,,,
17,CASA,sector 1,Gonzalo Martinez Núñez,residente1casa17@vista.cl,11.936.571-6,56924366125,PROPIETARIO,SI,SI,SI,E-17,,,,,,,,,,,,,,,,,,,,,,
17,CASA,sector 1,Miguel Sandoval Sepulveda,residente2casa17@vista.cl,14.569.244-K,56947816686,RESIDENTE_ADICIONAL,SI,SI,NO,,,,,,,,,,,,,,,,,,,,,,,
17,CASA,sector 1,Agustina Catalan Campos,residente3casa17@vista.cl,24.309.502-6,56945431319,RESIDENTE_ADICIONAL,SI,SI,NO,,,,,,,,,,,,,,,,,,,,,,,
18,CASA,sector 1,Andres Vargas Sandoval,residente1casa18@vista.cl,10.162.230-4,56925015458,PROPIETARIO,SI,SI,SI,E-18,,,IDZE66,CAMIONETA,Chevrolet,Colorado,Rojo,,,,,,,,,,,,,,,
19,CASA,sector 1,Marcelo Sepulveda Aguilera,propietario_casa19@vista.cl,10.604.451-1,56959555330,PROPIETARIO,NO,NO,NO,,,,,,,,,,,,,,,,,,,,,,,
19,CASA,sector 1,Agustina Catalan Mendez,residente1casa19@vista.cl,21.189.285-4,56923796726,ARRENDATARIO,SI,SI,SI,E-19,,,BJYZ15,AUTO,Hyundai,Accent,Gris,,,,,,,,,,,,,,,
19,CASA,sector 1,Vicente Sandoval Torres,residente3casa19@vista.cl,20.412.972-K,56930743797,RESIDENTE_ADICIONAL,NO,SI,NO,,,,,,,,,,,,,,,,,,,,,,,
19,CASA,sector 1,Josefa Reyes Torres,residente4casa19@vista.cl,10.415.846-3,56934073380,RESIDENTE_ADICIONAL,SI,SI,NO,,,,,,,,,,,,,,,,,,,,,,,
20,CASA,sector 1,Constanza Perez Vergara,residente1casa20@vista.cl,15.891.254-6,56996098221,PROPIETARIO,SI,SI,SI,E-20,,,UCWW38,AUTO,Chevrolet,Sail,Negro,VWFR61,AUTO,Suzuki,Baleno,Gris,,,,,,,,,,
20,CASA,sector 1,Cristobal Rivera Catalan,residente2casa20@vista.cl,24.154.285-8,56981969657,RESIDENTE_ADICIONAL,SI,SI,NO,,,,,,,,,,,,,,,,,,,,,,,
20,CASA,sector 1,Gonzalo Núñez Reyes,residente3casa20@vista.cl,19.740.679-8,56945630292,RESIDENTE_ADICIONAL,SI,SI,NO,,,,,,,,,,,,,,,,,,,,,,,
21,CASA,sector 1,Sebastian Catalan Lagos,residente1casa21@vista.cl,22.447.856-9,56936445607,PROPIETARIO,SI,SI,SI,E-21,,,XEBL76,AUTO,Volkswagen,T-Cross,Verde,,,,,,,,,,,,,,,
21,CASA,sector 1,Martin Vargas Perez,residente2casa21@vista.cl,21.144.059-7,56954318698,RESIDENTE_ADICIONAL,SI,SI,NO,,,,,,,,,,,,,,,,,,,,,,,
21,CASA,sector 1,Florencia Lagos Flores,residente3casa21@vista.cl,18.508.103-6,56951511484,RESIDENTE_ADICIONAL,SI,SI,NO,,,,,,,,,,,,,,,,,,,,,,,
22,CASA,sector 1,Sofia Flores Hernandez,residente1casa22@vista.cl,13.526.280-3,56967698610,PROPIETARIO,SI,SI,SI,E-22,,,RXQH80,AUTO,Ford,EcoSport,Verde,,,,,,,,,,,,,,,
22,CASA,sector 1,Alvaro Peña Molina,residente2casa22@vista.cl,20.984.137-1,56953251559,RESIDENTE_ADICIONAL,SI,SI,NO,,,,,,,,,,,,,,,,,,,,,,,
23,CASA,sector 1,Maximo Campos Pizarro,residente1casa23@vista.cl,13.262.081-4,56961536717,PROPIETARIO,SI,SI,SI,E-23,,,CNQI40,CAMIONETA,Mitsubishi,L200,Azul,FAGM19,AUTO,Nissan,Versa,Plata,,,,,,,,,,
23,CASA,sector 1,Santiago Rivera Mendez,residente2casa23@vista.cl,12.475.836-K,56998054615,RESIDENTE_ADICIONAL,SI,NO,NO,,,,,,,,,,,,,,,,,,,,,,,
24,CASA,sector 1,Roberto Lagos Henriquez,residente1casa24@vista.cl,17.159.521-5,56983534128,PROPIETARIO,SI,SI,SI,E-24,,,YNBG25,AUTO,Chevrolet,Sail,Plata,RZPY66,AUTO,Hyundai,Accent,Rojo,,,,,,,,,,
24,CASA,sector 1,Tomas Morales Acosta,residente2casa24@vista.cl,24.453.486-4,56973709724,RESIDENTE_ADICIONAL,SI,SI,NO,,,,,,,,,,,,,,,,,,,,,,,
24,CASA,sector 1,Cristian Campos Vergara,residente3casa24@vista.cl,22.848.221-8,56979967676,RESIDENTE_ADICIONAL,SI,SI,NO,,,,,,,,,,,,,,,,,,,,,,,
25,CASA,sector 1,Maximo Torres Valdes,residente1casa25@vista.cl,19.103.504-6,56972535301,PROPIETARIO,SI,SI,SI,E-25,,,ODGS37,AUTO,Nissan,Qashqai,Blanco,,,,,,,,,,,,,,,
25,CASA,sector 1,Maximo Diaz Ortiz,residente2casa25@vista.cl,23.973.595-9,56966390708,RESIDENTE_ADICIONAL,SI,SI,NO,,,,,,,,,,,,,,,,,,,,,,,
25,CASA,sector 1,Pedro Muñoz Moreno,residente3casa25@vista.cl,19.658.481-1,56961053877,RESIDENTE_ADICIONAL,SI,NO,NO,,,,,,,,,,,,,,,,,,,,,,,
26,CASA,sector 1,Rodrigo Aguilera Muñoz,residente1casa26@vista.cl,16.610.562-5,56989442503,PROPIETARIO,SI,SI,SI,E-26,,,TUXM44,AUTO,Suzuki,Swift,Plata,IRKE69,MOTO,Volkswagen,Gol,Negro,,,,,,,,,,
26,CASA,sector 1,Felipe Lopez Muñoz,residente2casa26@vista.cl,11.408.404-2,56996268397,RESIDENTE_ADICIONAL,SI,NO,NO,,,,,,,,,,,,,,,,,,,,,,,
27,CASA,sector 1,Matias Ortiz Ortiz,propietario_casa27@vista.cl,15.483.562-8,56955298556,PROPIETARIO,NO,NO,NO,,,,,,,,,,,,,,,,,,,,,,,
27,CASA,sector 1,Cristian Muñoz Herrera,residente1casa27@vista.cl,12.556.551-4,56942016960,ARRENDATARIO,SI,SI,SI,E-27,,,YKVM79,AUTO,Mazda,3,Blanco,BYBA41,AUTO,Mazda,CX-5,Negro,,,,,,,,,,
27,CASA,sector 1,Javiera Vega Lopez,residente3casa27@vista.cl,11.919.136-K,56985694715,RESIDENTE_ADICIONAL,NO,SI,NO,,,,,,,,,,,,,,,,,,,,,,,
28,CASA,sector 1,Juan Carrasco Rivera,residente1casa28@vista.cl,21.995.956-7,56936619372,PROPIETARIO,SI,SI,SI,E-28,,,UEIP49,CAMIONETA,Mitsubishi,L200,Rojo,,,,,,,,,,,,,,,
28,CASA,sector 1,Catalina Peña Alvarez,residente2casa28@vista.cl,23.934.679-0,56994187049,RESIDENTE_ADICIONAL,SI,SI,NO,,,,,,,,,,,,,,,,,,,,,,,
29,CASA,sector 1,Maite Lagos Briones,residente1casa29@vista.cl,20.912.864-0,56946249845,PROPIETARIO,SI,SI,SI,E-29,,,JLJN53,AUTO,Peugeot,3008,Blanco,CYQV29,AUTO,Suzuki,Swift,Plata,,,,,,,,,,
29,CASA,sector 1,Rodrigo Aguilera Vega,residente2casa29@vista.cl,17.799.287-9,56968461818,RESIDENTE_ADICIONAL,SI,SI,NO,,,,,,,,,,,,,,,,,,,,,,,
30,CASA,sector 1,Diego Gonzalez Briones,residente1casa30@vista.cl,13.205.394-4,56921490777,PROPIETARIO,SI,SI,SI,E-30,,,GMPJ13,CAMIONETA,Chevrolet,Colorado,Plata,FUIW99,AUTO,Nissan,Qashqai,Gris,,,,,,,,,,
30,CASA,sector 1,Camila Lagos Torres,residente2casa30@vista.cl,18.196.976-8,56984514489,RESIDENTE_ADICIONAL,SI,SI,NO,,,,,,,,,,,,,,,,,,,,,,,
31,CASA,sector 1,Florencia Lagos Castro,residente1casa31@vista.cl,15.294.016-5,56926046365,PROPIETARIO,SI,SI,SI,E-31,,,KGRJ80,CAMIONETA,Toyota,Hilux,Rojo,TISH42,AUTO,Mazda,CX-5,Negro,,,,,,,,,,
31,CASA,sector 1,Miguel Aguilera Moreno,residente2casa31@vista.cl,21.579.023-1,56934850391,RESIDENTE_ADICIONAL,SI,SI,NO,,,,,,,,,,,,,,,,,,,,,,,
32,CASA,sector 1,Carlos Ramos Contreras,residente1casa32@vista.cl,24.641.807-1,56911646234,PROPIETARIO,SI,SI,SI,E-32,,,CFFE11,AUTO,Renault,Clio,Azul,BBHY91,AUTO,Peugeot,208,Verde,,,,,,,,,,
32,CASA,sector 1,Felipe Hernandez Vega,residente2casa32@vista.cl,18.031.491-1,56969118721,RESIDENTE_ADICIONAL,SI,NO,NO,,,,,,,,,,,,,,,,,,,,,,,
33,CASA,sector 1,Catalina Rivera Ramos,residente1casa33@vista.cl,11.242.892-5,56987446468,PROPIETARIO,SI,SI,SI,E-33,,,,,,,,,,,,,,,,,,,,,,
33,CASA,sector 1,Alonso Catalan Diaz,residente2casa33@vista.cl,12.545.556-5,56930024960,RESIDENTE_ADICIONAL,SI,NO,NO,,,,,,,,,,,,,,,,,,,,,,,
33,CASA,sector 1,Valentina Mendez Silva,residente3casa33@vista.cl,19.362.911-3,56965857931,RESIDENTE_ADICIONAL,SI,SI,NO,,,,,,,,,,,,,,,,,,,,,,,
34,CASA,sector 2,Agustina Campos Ortiz,residente1casa34@vista.cl,14.440.025-9,56998641164,PROPIETARIO,SI,SI,SI,E-34,,,PLOB22,AUTO,Suzuki,Baleno,Verde,,,,,,,,,,,,,,,
34,CASA,sector 2,Valentina Morales Mendez,residente2casa34@vista.cl,12.916.107-8,56984087145,RESIDENTE_ADICIONAL,SI,SI,NO,,,,,,,,,,,,,,,,,,,,,,,
35,CASA,sector 2,Alvaro Campos Peña,residente1casa35@vista.cl,21.092.810-3,56936550845,PROPIETARIO,SI,SI,SI,E-35,,,HWBG43,AUTO,Chevrolet,Sail,Verde,,,,,,,,,,,,,,,
35,CASA,sector 2,Lucas Silva Aguilera,residente2casa35@vista.cl,13.771.676-3,56996924061,RESIDENTE_ADICIONAL,SI,SI,NO,,,,,,,,,,,,,,,,,,,,,,,
36,CASA,sector 2,Alvaro Flores Molina,propietario_casa36@vista.cl,22.565.425-5,56986397676,PROPIETARIO,NO,NO,NO,,,,,,,,,,,,,,,,,,,,,,,
36,CASA,sector 2,Cristian Pizarro Peña,residente1casa36@vista.cl,10.348.050-7,56946173157,ARRENDATARIO,SI,SI,SI,E-36,,,RSYN73,AUTO,Suzuki,Baleno,Plata,XTPA39,CAMIONETA,Toyota,Hilux,Azul,,,,,,,,,,
37,CASA,sector 2,Facundo Cortes Torres,residente1casa37@vista.cl,15.591.986-8,56953091709,PROPIETARIO,SI,SI,SI,E-37,,,XEPQ72,AUTO,Volkswagen,T-Cross,Blanco,,,,,,,,,,,,,,,
37,CASA,sector 2,Franco Contreras Morales,residente2casa37@vista.cl,15.533.187-9,56965250068,RESIDENTE_ADICIONAL,SI,SI,NO,,,,,,,,,,,,,,,,,,,,,,,
37,CASA,sector 2,Agustin Moreno Sandoval,residente3casa37@vista.cl,10.615.675-1,56971045700,RESIDENTE_ADICIONAL,SI,SI,NO,,,,,,,,,,,,,,,,,,,,,,,
38,CASA,sector 2,Mauricio Henriquez Gonzalez,propietario_casa38@vista.cl,21.033.710-5,56982825679,PROPIETARIO,NO,NO,NO,,,,,,,,,,,,,,,,,,,,,,,
38,CASA,sector 2,Diego Martinez Hernandez,residente1casa38@vista.cl,17.350.368-7,56975056916,ARRENDATARIO,SI,SI,SI,E-38,,,JTQT36,AUTO,Toyota,Yaris,Gris,,,,,,,,,,,,,,,
38,CASA,sector 2,Florencia Muñoz Campos,residente3casa38@vista.cl,20.215.171-K,56942117961,RESIDENTE_ADICIONAL,SI,SI,NO,,,,,,,,,,,,,,,,,,,,,,,
38,CASA,sector 2,Sofia Sandoval Torres,residente4casa38@vista.cl,11.563.790-8,56940158811,RESIDENTE_ADICIONAL,NO,NO,NO,,,,,,,,,,,,,,,,,,,,,,,
39,CASA,sector 2,Hernan Torres Valdes,residente1casa39@vista.cl,23.215.705-4,56978147397,PROPIETARIO,SI,SI,SI,E-39,,,HSKM70,AUTO,Volkswagen,Gol,Negro,JXNW18,AUTO,Suzuki,Baleno,Gris,,,,,,,,,,
40,CASA,sector 2,Fernanda Torres Rojas,residente1casa40@vista.cl,15.338.112-7,56973481797,PROPIETARIO,SI,SI,SI,E-40,,,RWLM52,AUTO,Peugeot,3008,Rojo,LIES83,AUTO,Subaru,XV,Plata,,,,,,,,,,
41,CASA,sector 2,Mauricio Contreras Tapia,residente1casa41@vista.cl,11.672.884-2,56980591959,PROPIETARIO,SI,SI,SI,E-41,,,QDZD85,AUTO,Ford,EcoSport,Gris,,,,,,,,,,,,,,,
41,CASA,sector 2,Mateo Gonzalez Lagos,residente2casa41@vista.cl,12.418.526-2,56965026398,RESIDENTE_ADICIONAL,SI,NO,NO,,,,,,,,,,,,,,,,,,,,,,,
41,CASA,sector 2,Catalina Vega Núñez,residente3casa41@vista.cl,15.680.114-3,56993652460,RESIDENTE_ADICIONAL,SI,SI,NO,,,,,,,,,,,,,,,,,,,,,,,
42,CASA,sector 2,Alonso Olivares Contreras,residente1casa42@vista.cl,17.443.690-8,56932329103,PROPIETARIO,SI,SI,SI,E-42,,,QXMO89,AUTO,Mazda,3,Blanco,XZTL22,AUTO,Chevrolet,Sail,Verde,,,,,,,,,,
42,CASA,sector 2,Pedro Flores Muñoz,residente2casa42@vista.cl,10.771.600-9,56953536830,RESIDENTE_ADICIONAL,SI,SI,NO,,,,,,,,,,,,,,,,,,,,,,,
42,CASA,sector 2,Martin Vargas Sepulveda,residente3casa42@vista.cl,14.096.953-2,56981291936,RESIDENTE_ADICIONAL,SI,SI,NO,,,,,,,,,,,,,,,,,,,,,,,
43,CASA,sector 2,Rodrigo Carrasco Herrera,propietario_casa43@vista.cl,21.461.096-5,56942323627,PROPIETARIO,NO,NO,NO,,,,,,,,,,,,,,,,,,,,,,,
43,CASA,sector 2,Juan Aguilera Morales,residente1casa43@vista.cl,11.239.197-5,56969287967,ARRENDATARIO,SI,SI,SI,E-43,,,LGGA69,AUTO,Peugeot,3008,Gris,,,,,,,,,,,,,,,
44,CASA,sector 2,Joaquin Pizarro Cortes,residente1casa44@vista.cl,19.643.743-6,56949711319,PROPIETARIO,SI,SI,SI,E-44,,,LHZW23,AUTO,Suzuki,Swift,Negro,,,,,,,,,,,,,,,
44,CASA,sector 2,Pedro Hernandez Muñoz,residente2casa44@vista.cl,23.925.719-4,56998346110,RESIDENTE_ADICIONAL,SI,SI,NO,,,,,,,,,,,,,,,,,,,,,,,
44,CASA,sector 2,Mauricio Catalan Acosta,residente3casa44@vista.cl,10.822.825-3,56991390501,RESIDENTE_ADICIONAL,SI,SI,NO,,,,,,,,,,,,,,,,,,,,,,,
45,CASA,sector 2,Javiera Campos Contreras,residente1casa45@vista.cl,20.527.000-0,56996750368,PROPIETARIO,SI,SI,SI,E-45,,,EGTT97,AUTO,Mazda,CX-5,Verde,,,,,,,,,,,,,,,
45,CASA,sector 2,Martina Flores Tapia,residente2casa45@vista.cl,10.559.763-0,56987789079,RESIDENTE_ADICIONAL,SI,SI,NO,,,,,,,,,,,,,,,,,,,,,,,
45,CASA,sector 2,Natalia Espinoza Acosta,residente3casa45@vista.cl,16.970.985-8,56933574011,RESIDENTE_ADICIONAL,SI,SI,NO,,,,,,,,,,,,,,,,,,,,,,,
46,CASA,sector 2,Florencia Ortiz Perez,residente1casa46@vista.cl,12.361.510-7,56940281491,PROPIETARIO,SI,SI,SI,E-46,,,GVMU53,CAMIONETA,Chevrolet,Colorado,Verde,,,,,,,,,,,,,,,
46,CASA,sector 2,Mauricio Catalan Lagos,residente2casa46@vista.cl,21.314.658-0,56963339667,RESIDENTE_ADICIONAL,NO,SI,NO,,,,,,,,,,,,,,,,,,,,,,,
47,CASA,sector 2,Sebastian Silva Ortiz,residente1casa47@vista.cl,16.183.841-1,56945186708,PROPIETARIO,SI,SI,SI,E-47,,,,,,,,,,,,,,,,,,,,,,
47,CASA,sector 2,Ignacio Carrasco Campos,residente2casa47@vista.cl,16.232.293-1,56924541967,RESIDENTE_ADICIONAL,SI,SI,NO,,,,,,,,,,,,,,,,,,,,,,,
47,CASA,sector 2,Rodrigo Sandoval Espinoza,residente3casa47@vista.cl,20.235.480-7,56939711402,RESIDENTE_ADICIONAL,SI,SI,NO,,,,,,,,,,,,,,,,,,,,,,,
48,CASA,sector 2,Joaquin Ortiz Fuentes,residente1casa48@vista.cl,21.248.892-5,56982503409,PROPIETARIO,SI,SI,SI,E-48,,,YHMC78,AUTO,Hyundai,Tucson,Negro,,,,,,,,,,,,,,,
48,CASA,sector 2,Maximo Peña Acosta,residente2casa48@vista.cl,22.190.310-2,56930739712,RESIDENTE_ADICIONAL,SI,SI,NO,,,,,,,,,,,,,,,,,,,,,,,
48,CASA,sector 2,Cristian Ramos Herrera,residente3casa48@vista.cl,16.847.048-7,56947546086,RESIDENTE_ADICIONAL,SI,SI,NO,,,,,,,,,,,,,,,,,,,,,,,
49,CASA,sector 2,Alvaro Valdes Mendez,residente1casa49@vista.cl,12.112.652-4,56985776373,PROPIETARIO,SI,SI,SI,E-49,,,JXQB45,AUTO,Hyundai,Tucson,Negro,VCFQ12,AUTO,Hyundai,Tucson,Blanco,,,,,,,,,,
49,CASA,sector 2,Agustina Perez Moreno,residente2casa49@vista.cl,19.298.063-1,56937804191,RESIDENTE_ADICIONAL,SI,SI,NO,,,,,,,,,,,,,,,,,,,,,,,
49,CASA,sector 2,Fernanda Valdes Sepulveda,residente3casa49@vista.cl,23.231.246-7,56989991301,RESIDENTE_ADICIONAL,SI,NO,NO,,,,,,,,,,,,,,,,,,,,,,,
50,CASA,sector 2,Daniela Reyes Silva,propietario_casa50@vista.cl,21.090.706-8,56913460153,PROPIETARIO,NO,NO,NO,,,,,,,,,,,,,,,,,,,,,,,
50,CASA,sector 2,Vicente Mendez Peña,residente1casa50@vista.cl,15.431.983-2,56912118101,ARRENDATARIO,SI,SI,SI,E-50,,,,,,,,,,,,,,,,,,,,,,
51,CASA,sector 2,Miguel Torres Briones,propietario_casa51@vista.cl,11.906.718-9,56918530615,PROPIETARIO,NO,NO,NO,,,,,,,,,,,,,,,,,,,,,,,
51,CASA,sector 2,Barbara Ortiz Rios,residente1casa51@vista.cl,10.522.621-7,56918163847,ARRENDATARIO,SI,SI,SI,E-51,,,PLFP94,AUTO,Subaru,XV,Rojo,,,,,,,,,,,,,,,
52,CASA,sector 2,Constanza Herrera Campos,residente1casa52@vista.cl,19.820.789-6,56983599154,PROPIETARIO,SI,SI,SI,E-52,,,XBCP18,AUTO,Hyundai,Tucson,Negro,,,,,,,,,,,,,,,
52,CASA,sector 2,Andres Espinoza Carrasco,residente2casa52@vista.cl,20.022.572-4,56981210133,RESIDENTE_ADICIONAL,SI,SI,NO,,,,,,,,,,,,,,,,,,,,,,,
52,CASA,sector 2,Lucas Contreras Alvarez,residente3casa52@vista.cl,11.919.549-7,56997874085,RESIDENTE_ADICIONAL,SI,SI,NO,,,,,,,,,,,,,,,,,,,,,,,
53,CASA,sector 3,Daniela Fuentes Sepulveda,residente1casa53@vista.cl,21.522.944-0,56973655158,PROPIETARIO,SI,SI,SI,E-53,,,VKSI50,AUTO,Chevrolet,Sail,Azul,,,,,,,,,,,,,,,
53,CASA,sector 3,Catalina Soto Soto,residente2casa53@vista.cl,11.564.141-7,56967965485,RESIDENTE_ADICIONAL,SI,SI,NO,,,,,,,,,,,,,,,,,,,,,,,
54,CASA,sector 3,Jorge Diaz Hernandez,residente1casa54@vista.cl,20.073.209-K,56951936181,PROPIETARIO,SI,SI,SI,E-54,,,RKWY64,AUTO,Peugeot,208,Verde,,,,,,,,,,,,,,,
54,CASA,sector 3,Vicente Contreras Pizarro,residente2casa54@vista.cl,18.512.969-1,56938553319,RESIDENTE_ADICIONAL,SI,SI,NO,,,,,,,,,,,,,,,,,,,,,,,
55,CASA,sector 3,Juan Rios Sandoval,residente1casa55@vista.cl,10.440.466-9,56991737913,PROPIETARIO,SI,SI,SI,E-55,,,OUVZ89,AUTO,Hyundai,Tucson,Rojo,,,,,,,,,,,,,,,
55,CASA,sector 3,Franco Alvarez Vergara,residente2casa55@vista.cl,10.485.753-1,56934215035,RESIDENTE_ADICIONAL,SI,SI,NO,,,,,,,,,,,,,,,,,,,,,,,
56,CASA,sector 3,Joaquin Torres Ortiz,residente1casa56@vista.cl,15.719.285-K,56931127115,PROPIETARIO,SI,SI,SI,E-56,,,KDQA77,AUTO,Hyundai,Accent,Negro,,,,,,,,,,,,,,,
56,CASA,sector 3,Martin Flores Lagos,residente2casa56@vista.cl,15.442.241-2,56986181117,RESIDENTE_ADICIONAL,SI,NO,NO,,,,,,,,,,,,,,,,,,,,,,,
57,CASA,sector 3,Emilia Catalan Soto,propietario_casa57@vista.cl,14.565.128-K,56969473616,PROPIETARIO,NO,NO,NO,,,,,,,,,,,,,,,,,,,,,,,
57,CASA,sector 3,Sofia Ortiz Flores,residente1casa57@vista.cl,13.543.918-5,56928419343,ARRENDATARIO,SI,SI,SI,E-57,,,KFNI24,AUTO,Volkswagen,Gol,Gris,MRBK86,AUTO,Ford,EcoSport,Blanco,,,,,,,,,,
57,CASA,sector 3,Carlos Núñez Hernandez,residente3casa57@vista.cl,15.504.979-0,56926104026,RESIDENTE_ADICIONAL,SI,SI,NO,,,,,,,,,,,,,,,,,,,,,,,
57,CASA,sector 3,Maite Martinez Carrasco,residente4casa57@vista.cl,18.935.249-2,56940884937,RESIDENTE_ADICIONAL,SI,SI,NO,,,,,,,,,,,,,,,,,,,,,,,
58,CASA,sector 3,Cristian Alvarez Fuentes,residente1casa58@vista.cl,11.478.574-1,56968614462,PROPIETARIO,SI,SI,SI,E-58,,,LCIL61,AUTO,Toyota,Yaris,Azul,CAIU89,CAMIONETA,Ford,Ranger,Plata,,,,,,,,,,
59,CASA,sector 3,Alonso Silva Briones,residente1casa59@vista.cl,18.555.575-5,56936025314,PROPIETARIO,SI,SI,SI,E-59,,,WTFU19,AUTO,Volkswagen,T-Cross,Rojo,,,,,,,,,,,,,,,
59,CASA,sector 3,Marcelo Cortes Cortes,residente2casa59@vista.cl,22.203.396-9,56996629889,RESIDENTE_ADICIONAL,SI,SI,NO,,,,,,,,,,,,,,,,,,,,,,,
60,CASA,sector 3,Javier Sepulveda Moreno,propietario_casa60@vista.cl,22.736.463-7,56997980930,PROPIETARIO,NO,NO,NO,,,,,,,,,,,,,,,,,,,,,,,
60,CASA,sector 3,Hernan Campos Ramos,residente1casa60@vista.cl,17.783.840-3,56985663295,ARRENDATARIO,SI,SI,SI,E-60,,,,,,,,,,,,,,,,,,,,,,
61,CASA,sector 3,Tomas Rojas Diaz,residente1casa61@vista.cl,16.186.390-4,56948530827,PROPIETARIO,SI,SI,SI,E-61,,,ZIZI66,AUTO,Peugeot,3008,Blanco,HHBN49,AUTO,Volkswagen,Gol,Plata,,,,,,,,,,
61,CASA,sector 3,Catalina Rios Soto,residente2casa61@vista.cl,20.318.128-0,56989736043,RESIDENTE_ADICIONAL,SI,SI,NO,,,,,,,,,,,,,,,,,,,,,,,
62,CASA,sector 3,Andres Tapia Tapia,residente1casa62@vista.cl,18.792.411-1,56980162053,PROPIETARIO,SI,SI,SI,E-62,,,OEPN17,AUTO,Suzuki,Baleno,Plata,VZCQ15,AUTO,Hyundai,Tucson,Negro,,,,,,,,,,
62,CASA,sector 3,Rodrigo Morales Fuentes,residente2casa62@vista.cl,16.255.418-2,56947969333,RESIDENTE_ADICIONAL,SI,SI,NO,,,,,,,,,,,,,,,,,,,,,,,
62,CASA,sector 3,Juan Molina Diaz,residente3casa62@vista.cl,23.241.030-2,56994676162,RESIDENTE_ADICIONAL,SI,SI,NO,,,,,,,,,,,,,,,,,,,,,,,
63,CASA,sector 3,Natalia Núñez Lagos,propietario_casa63@vista.cl,24.286.911-7,56998122539,PROPIETARIO,NO,NO,NO,,,,,,,,,,,,,,,,,,,,,,,
63,CASA,sector 3,Lucas Henriquez Fuentes,residente1casa63@vista.cl,10.305.857-0,56958667035,ARRENDATARIO,SI,SI,SI,E-63,,,IPDJ93,AUTO,Renault,Clio,Azul,PYIJ52,AUTO,Ford,EcoSport,Verde,,VTRN92,AUTO,Hyundai,Accent,Azul,,,,
63,CASA,sector 3,Barbara Reyes Ortiz,residente3casa63@vista.cl,15.733.317-8,56975266178,RESIDENTE_ADICIONAL,SI,NO,NO,,,,,,,,,,,,,,,,,,,,,,,
64,CASA,sector 3,Alvaro Contreras Henriquez,propietario_casa64@vista.cl,22.933.131-0,56982446804,PROPIETARIO,NO,NO,NO,,,,,,,,,,,,,,,,,,,,,,,
64,CASA,sector 3,Camila Tapia Herrera,residente1casa64@vista.cl,14.780.297-8,56970254091,ARRENDATARIO,SI,SI,SI,E-64,,,ITDJ30,MOTO,Volkswagen,T-Cross,Negro,VELK96,AUTO,Honda,Civic,Azul,,,,,,,,,,
64,CASA,sector 3,Fernanda Aguilera Mendez,residente3casa64@vista.cl,15.192.009-8,56972950208,RESIDENTE_ADICIONAL,NO,SI,NO,,,,,,,,,,,,,,,,,,,,,,,
65,CASA,sector 3,Mauricio Núñez Diaz,residente1casa65@vista.cl,20.757.199-7,56974503785,PROPIETARIO,SI,SI,SI,E-65,,,JNZV87,AUTO,Subaru,XV,Negro,,,,,,,,,,,,,,,
65,CASA,sector 3,Mauricio Fuentes Sandoval,residente2casa65@vista.cl,11.721.170-3,56979244185,RESIDENTE_ADICIONAL,SI,SI,NO,,,,,,,,,,,,,,,,,,,,,,,
66,CASA,sector 3,Cristian Olivares Rios,residente1casa66@vista.cl,15.625.238-7,56929602406,PROPIETARIO,SI,SI,SI,E-66,,,CXVX13,AUTO,Hyundai,Accent,Plata,JKCF50,AUTO,Toyota,Yaris,Blanco,,,,,,,,,,
66,CASA,sector 3,Javiera Rojas Hernandez,residente2casa66@vista.cl,23.921.089-9,56973411827,RESIDENTE_ADICIONAL,SI,SI,NO,,,,,,,,,,,,,,,,,,,,,,,
67,CASA,sector 3,Valentina Muñoz Núñez,residente1casa67@vista.cl,13.618.086-K,56930068183,PROPIETARIO,SI,SI,SI,E-67,,,,,,,,,,,,,,,,,,,,,,
67,CASA,sector 3,Diego Lagos Molina,residente2casa67@vista.cl,18.854.536-K,56966808292,RESIDENTE_ADICIONAL,SI,SI,NO,,,,,,,,,,,,,,,,,,,,,,,
68,CASA,sector 3,Camila Olivares Sepulveda,residente1casa68@vista.cl,14.886.733-K,56967611469,PROPIETARIO,SI,SI,SI,E-68,,,CXPA75,AUTO,Renault,Clio,Rojo,,,,,,,,,,,,,,,
69,CASA,sector 3,Felipe Torres Reyes,propietario_casa69@vista.cl,21.146.300-7,56999686286,PROPIETARIO,NO,NO,NO,,,,,,,,,,,,,,,,,,,,,,,
69,CASA,sector 3,Martin Perez Briones,residente1casa69@vista.cl,19.128.180-2,56978092370,ARRENDATARIO,SI,SI,SI,E-69,,,,,,,,,,,,,,,,,,,,,,
69,CASA,sector 3,Alvaro Henriquez Sandoval,residente3casa69@vista.cl,10.341.153-K,56962405812,RESIDENTE_ADICIONAL,SI,SI,NO,,,,,,,,,,,,,,,,,,,,,,,
70,CASA,sector 3,Alonso Reyes Martinez,residente1casa70@vista.cl,11.058.651-5,56971428713,PROPIETARIO,SI,SI,SI,E-70,,,ITQU52,AUTO,Mazda,CX-5,Negro,IQVR99,AUTO,Toyota,Yaris,Plata,,,,,,,,,,
70,CASA,sector 3,Martina Hernandez Castro,residente2casa70@vista.cl,10.734.947-2,56936772387,RESIDENTE_ADICIONAL,SI,SI,NO,,,,,,,,,,,,,,,,,,,,,,,
71,CASA,sector 3,Maite Ramos Alvarez,residente1casa71@vista.cl,18.347.057-4,56959304469,PROPIETARIO,SI,SI,SI,E-71,,,TEJU93,AUTO,Volkswagen,Gol,Gris,JXTX59,CAMIONETA,Chevrolet,Colorado,Gris,,,,,,,,,,
71,CASA,sector 3,Claudio Briones Vergara,residente2casa71@vista.cl,23.441.034-2,56921087928,RESIDENTE_ADICIONAL,SI,SI,NO,,,,,,,,,,,,,,,,,,,,,,,
72,CASA,sector 3,Tomas Cortes Tapia,residente1casa72@vista.cl,10.710.601-4,56957319709,PROPIETARIO,SI,SI,SI,E-72,,,IHLS31,AUTO,Nissan,Qashqai,Azul,,,,,,,,,,,,,,,
72,CASA,sector 3,Rodrigo Vargas Vergara,residente2casa72@vista.cl,20.728.514-5,56917698469,RESIDENTE_ADICIONAL,SI,SI,NO,,,,,,,,,,,,,,,,,,,,,,,
72,CASA,sector 3,Martin Henriquez Acosta,residente3casa72@vista.cl,21.398.618-K,56931473054,RESIDENTE_ADICIONAL,NO,SI,NO,,,,,,,,,,,,,,,,,,,,,,,
73,CASA,sector 4,Catalina Mendez Rios,residente1casa73@vista.cl,16.145.971-2,56958607028,PROPIETARIO,SI,SI,SI,E-73,,,,,,,,,,,,,,,,,,,,,,
73,CASA,sector 4,Joaquin Pizarro Rojas,residente2casa73@vista.cl,20.151.806-7,56930594121,RESIDENTE_ADICIONAL,SI,NO,NO,,,,,,,,,,,,,,,,,,,,,,,
73,CASA,sector 4,Martin Tapia Moreno,residente3casa73@vista.cl,11.289.923-5,56987030477,RESIDENTE_ADICIONAL,SI,SI,NO,,,,,,,,,,,,,,,,,,,,,,,
74,CASA,sector 4,Vicente Olivares Perez,residente1casa74@vista.cl,19.227.420-6,56982769008,PROPIETARIO,SI,SI,SI,E-74,,,MKOG43,AUTO,Toyota,Corolla,Azul,PSZF27,AUTO,Suzuki,Baleno,Verde,,XLCR50,CAMIONETA,Toyota,Hilux,Azul,,,,
74,CASA,sector 4,Natalia Flores Morales,residente2casa74@vista.cl,21.942.175-3,56995590648,RESIDENTE_ADICIONAL,SI,SI,NO,,,,,,,,,,,,,,,,,,,,,,,
75,CASA,sector 4,Maximo Pizarro Perez,residente1casa75@vista.cl,12.102.634-1,56952550733,PROPIETARIO,SI,SI,SI,E-75,,,AOJU80,AUTO,Chevrolet,Sail,Negro,BKSM62,AUTO,Renault,Clio,Verde,,,,,,,,,,
75,CASA,sector 4,Gabriel Perez Tapia,residente2casa75@vista.cl,17.815.384-6,56979438885,RESIDENTE_ADICIONAL,SI,NO,NO,,,,,,,,,,,,,,,,,,,,,,,
75,CASA,sector 4,Hernan Sandoval Campos,residente3casa75@vista.cl,19.861.412-2,56934422678,RESIDENTE_ADICIONAL,SI,SI,NO,,,,,,,,,,,,,,,,,,,,,,,
76,CASA,sector 4,Cristobal Rios Morales,residente1casa76@vista.cl,19.928.898-9,56987933054,PROPIETARIO,SI,SI,SI,E-76,,,EISI76,AUTO,Volkswagen,T-Cross,Gris,QODH78,CAMIONETA,Toyota,Hilux,Blanco,,,,,,,,,,
76,CASA,sector 4,Trinidad Morales Lopez,residente2casa76@vista.cl,20.477.022-0,56991220369,RESIDENTE_ADICIONAL,SI,NO,NO,,,,,,,,,,,,,,,,,,,,,,,
76,CASA,sector 4,Martina Muñoz Soto,residente3casa76@vista.cl,10.762.722-7,56996094462,RESIDENTE_ADICIONAL,SI,SI,NO,,,,,,,,,,,,,,,,,,,,,,,
77,CASA,sector 4,Barbara Ortiz Perez,residente1casa77@vista.cl,21.553.018-3,56918041391,PROPIETARIO,SI,SI,SI,E-77,,,QHYM97,AUTO,Toyota,Corolla,Plata,,,,,,,,,,,,,,,
77,CASA,sector 4,Josefa Tapia Torres,residente2casa77@vista.cl,18.124.385-6,56972336371,RESIDENTE_ADICIONAL,SI,SI,NO,,,,,,,,,,,,,,,,,,,,,,,
78,CASA,sector 4,Mauricio Morales Espinoza,residente1casa78@vista.cl,19.691.980-5,56951971886,PROPIETARIO,SI,SI,SI,E-78,,,DJOI69,AUTO,Mazda,CX-5,Blanco,DBYW63,CAMIONETA,Chevrolet,Colorado,Negro,,,,,,,,,,
78,CASA,sector 4,Antonia Moreno Morales,residente2casa78@vista.cl,18.359.508-3,56979085198,RESIDENTE_ADICIONAL,SI,NO,NO,,,,,,,,,,,,,,,,,,,,,,,
78,CASA,sector 4,Santiago Muñoz Soto,residente3casa78@vista.cl,16.597.509-K,56977839607,RESIDENTE_ADICIONAL,SI,SI,NO,,,,,,,,,,,,,,,,,,,,,,,
79,CASA,sector 4,Gonzalo Núñez Lagos,residente1casa79@vista.cl,16.136.730-3,56964123845,PROPIETARIO,SI,SI,SI,E-79,,,RMNW65,AUTO,Renault,Clio,Negro,,,,,,,,,,,,,,,
80,CASA,sector 4,Rodrigo Silva Martinez,residente1casa80@vista.cl,11.622.046-6,56962868861,PROPIETARIO,SI,SI,SI,E-80,,,HKLO89,AUTO,Kia,Sportage,Azul,,,,,,,,,,,,,,,
80,CASA,sector 4,Martin Valdes Sandoval,residente2casa80@vista.cl,16.133.857-5,56929363237,RESIDENTE_ADICIONAL,SI,SI,NO,,,,,,,,,,,,,,,,,,,,,,,
81,CASA,sector 4,Benjamin Vega Briones,residente1casa81@vista.cl,17.666.995-0,56929990477,PROPIETARIO,SI,SI,SI,E-81,,,,,,,,,,,,,,,,,,,,,,
82,CASA,sector 4,Cristobal Aguilera Ramos,residente1casa82@vista.cl,21.890.680-K,56985554415,PROPIETARIO,SI,SI,SI,E-82,,,KQVP74,AUTO,Renault,Clio,Verde,,,,,,,,,,,,,,,
82,CASA,sector 4,Barbara Vega Muñoz,residente2casa82@vista.cl,16.180.018-K,56954458225,RESIDENTE_ADICIONAL,SI,NO,NO,,,,,,,,,,,,,,,,,,,,,,,
83,CASA,sector 4,Roberto Catalan Mendez,residente1casa83@vista.cl,10.529.665-7,56986849080,PROPIETARIO,SI,SI,SI,E-83,,,PGRZ84,AUTO,Honda,Civic,Rojo,PEQQ58,AUTO,Chevrolet,Sail,Negro,,,,,,,,,,
83,CASA,sector 4,Pedro Silva Castro,residente2casa83@vista.cl,10.317.716-2,56969195194,RESIDENTE_ADICIONAL,SI,SI,NO,,,,,,,,,,,,,,,,,,,,,,,
83,CASA,sector 4,Pedro Ortiz Torres,residente3casa83@vista.cl,18.419.134-2,56992071195,RESIDENTE_ADICIONAL,NO,NO,NO,,,,,,,,,,,,,,,,,,,,,,,
84,CASA,sector 4,Agustina Sandoval Espinoza,residente1casa84@vista.cl,21.110.322-1,56974205866,PROPIETARIO,SI,SI,SI,E-84,,,,,,,,,,,,,,,,,,,,,,
85,CASA,sector 4,Rodrigo Vega Castro,residente1casa85@vista.cl,14.135.904-5,56947447604,PROPIETARIO,SI,SI,SI,E-85,,,JUSQ98,AUTO,Peugeot,208,Gris,,,,,,,,,,,,,,,
85,CASA,sector 4,Diego Flores Gutierrez,residente2casa85@vista.cl,14.993.143-0,56948789478,RESIDENTE_ADICIONAL,SI,SI,NO,,,,,,,,,,,,,,,,,,,,,,,
86,CASA,sector 4,Claudio Sepulveda Hernandez,residente1casa86@vista.cl,10.705.758-7,56948605090,PROPIETARIO,SI,SI,SI,E-86,,,DRJZ54,CAMIONETA,Mitsubishi,L200,Verde,,,,,,,,,,,,,,,
86,CASA,sector 4,Andres Soto Cortes,residente2casa86@vista.cl,17.421.839-0,56998043078,RESIDENTE_ADICIONAL,SI,SI,NO,,,,,,,,,,,,,,,,,,,,,,,
87,CASA,sector 4,Diego Morales Torres,residente1casa87@vista.cl,20.953.723-0,56973847325,PROPIETARIO,SI,SI,SI,E-87,,,CTGB77,AUTO,Honda,Civic,Negro,CIMR27,CAMIONETA,Ford,Ranger,Blanco,,,,,,,,,,
87,CASA,sector 4,Facundo Rios Castro,residente2casa87@vista.cl,22.682.083-3,56948553376,RESIDENTE_ADICIONAL,SI,SI,NO,,,,,,,,,,,,,,,,,,,,,,,
88,CASA,sector 4,Cristian Rivera Ramos,residente1casa88@vista.cl,13.125.790-2,56948851599,PROPIETARIO,SI,SI,SI,E-88,,,WAXK32,AUTO,Peugeot,208,Blanco,,,,,,,,,,,,,,,
89,CASA,sector 4,Cristobal Ortiz Vergara,residente1casa89@vista.cl,13.234.838-3,56925119192,PROPIETARIO,SI,SI,SI,E-89,,,ILQN27,AUTO,Hyundai,Tucson,Verde,,,,,,,,,,,,,,,
90,CASA,sector 4,Patricio Campos Rivera,residente1casa90@vista.cl,23.874.586-1,56967405358,PROPIETARIO,SI,SI,SI,E-90,,,TUOT32,AUTO,Honda,Civic,Rojo,,,,,,,,,,,,,,,
90,CASA,sector 4,Cristobal Espinoza Soto,residente2casa90@vista.cl,16.724.865-9,56999826000,RESIDENTE_ADICIONAL,SI,NO,NO,,,,,,,,,,,,,,,,,,,,,,,
90,CASA,sector 4,Facundo Espinoza Mendez,residente3casa90@vista.cl,10.114.590-5,56945002007,RESIDENTE_ADICIONAL,SI,SI,NO,,,,,,,,,,,,,,,,,,,,,,,
91,CASA,sector 4,Agustin Catalan Henriquez,residente1casa91@vista.cl,24.894.836-1,56951738753,PROPIETARIO,SI,SI,SI,E-91,,,QSBD49,MOTO,Peugeot,3008,Negro,,,,,,,,,,,,,,,
91,CASA,sector 4,Pedro Silva Campos,residente2casa91@vista.cl,14.949.909-1,56959330907,RESIDENTE_ADICIONAL,SI,SI,NO,,,,,,,,,,,,,,,,,,,,,,,
92,CASA,sector 4,Miguel Molina Fuentes,propietario_casa92@vista.cl,16.976.731-9,56983717007,PROPIETARIO,NO,NO,NO,,,,,,,,,,,,,,,,,,,,,,,
92,CASA,sector 4,Felipe Aguilera Sepulveda,residente1casa92@vista.cl,12.760.475-4,56954039203,ARRENDATARIO,SI,SI,SI,E-92,,,RFGT20,AUTO,Subaru,XV,Rojo,JXCV74,AUTO,Suzuki,Baleno,Negro,,,,,,,,,,
93,CASA,sector 4,Sofia Acosta Ortiz,residente1casa93@vista.cl,19.702.453-4,56919801857,PROPIETARIO,SI,SI,SI,E-93,,,CNVL75,AUTO,Honda,Civic,Plata,ORIA42,AUTO,Suzuki,Baleno,Verde,,,,,,,,,,
93,CASA,sector 4,Martina Vargas Cortes,residente2casa93@vista.cl,21.750.508-9,56918557710,RESIDENTE_ADICIONAL,SI,SI,NO,,,,,,,,,,,,,,,,,,,,,,,
94,CASA,sector 4,Marcelo Carrasco Tapia,residente1casa94@vista.cl,24.589.807-K,56960666702,PROPIETARIO,SI,SI,SI,E-94,,,TTZQ63,AUTO,Nissan,Versa,Gris,,,,,,,,,,,,,,,
94,CASA,sector 4,Joaquin Soto Catalan,residente2casa94@vista.cl,21.103.036-4,56982383656,RESIDENTE_ADICIONAL,SI,NO,NO,,,,,,,,,,,,,,,,,,,,,,,
94,CASA,sector 4,Florencia Reyes Aguilera,residente3casa94@vista.cl,16.594.429-1,56980980044,RESIDENTE_ADICIONAL,SI,NO,NO,,,,,,,,,,,,,,,,,,,,,,,
95,CASA,sector 4,Miguel Rojas Rivera,residente1casa95@vista.cl,17.364.573-2,56941452485,PROPIETARIO,SI,SI,SI,E-95,,,ONVG54,AUTO,Suzuki,Baleno,Negro,WTAR88,CAMIONETA,Chevrolet,Colorado,Verde,,BPLR16,AUTO,Toyota,Corolla,Negro,,,,
95,CASA,sector 4,Sebastian Ortiz Moreno,residente2casa95@vista.cl,24.490.988-4,56917575790,RESIDENTE_ADICIONAL,SI,NO,NO,,,,,,,,,,,,,,,,,,,,,,,
95,CASA,sector 4,Fernanda Lagos Pizarro,residente3casa95@vista.cl,15.350.316-8,56987507357,RESIDENTE_ADICIONAL,SI,SI,NO,,,,,,,,,,,,,,,,,,,,,,,
96,CASA,sector 4,Franco Briones Gutierrez,residente1casa96@vista.cl,16.938.388-K,56950332555,PROPIETARIO,SI,SI,SI,E-96,,,,,,,,,,,,,,,,,,,,,,
96,CASA,sector 4,Constanza Diaz Sandoval,residente2casa96@vista.cl,19.926.527-K,56933505978,RESIDENTE_ADICIONAL,SI,SI,NO,,,,,,,,,,,,,,,,,,,,,,,
97,CASA,sector 4,Maximo Torres Sandoval,residente1casa97@vista.cl,18.891.787-9,56927997624,PROPIETARIO,SI,SI,SI,E-97,,,NSKH33,AUTO,Ford,EcoSport,Verde,WHSU17,AUTO,Peugeot,208,Rojo,,,,,,,,,,
97,CASA,sector 4,Joaquin Mendez Núñez,residente2casa97@vista.cl,13.411.424-K,56954327148,RESIDENTE_ADICIONAL,SI,NO,NO,,,,,,,,,,,,,,,,,,,,,,,
97,CASA,sector 4,Patricio Fuentes Soto,residente3casa97@vista.cl,18.986.473-6,56935566010,RESIDENTE_ADICIONAL,SI,SI,NO,,,,,,,,,,,,,,,,,,,,,,,
98,CASA,sector 4,Claudio Moreno Peña,residente1casa98@vista.cl,22.151.825-K,56985007641,PROPIETARIO,SI,SI,SI,E-98,,,,,,,,,,,,,,,,,,,,,,
99,CASA,sector 4,Sebastian Rios Cortes,residente1casa99@vista.cl,15.174.467-2,56945106207,PROPIETARIO,SI,SI,SI,E-99,,,AYZD71,AUTO,Nissan,Versa,Negro,FXOU58,AUTO,Honda,Civic,Plata,,,,,,,,,,
99,CASA,sector 4,Martin Henriquez Ramos,residente2casa99@vista.cl,17.818.250-1,56923234972,RESIDENTE_ADICIONAL,SI,SI,NO,,,,,,,,,,,,,,,,,,,,,,,
100,CASA,sector 4,Jorge Torres Hernandez,residente1casa100@vista.cl,12.557.039-9,56936332415,PROPIETARIO,SI,SI,SI,E-100,,,OFDG84,AUTO,Nissan,Qashqai,Rojo,,,,,,,,,,,,,,,
100,CASA,sector 4,Benjamin Gutierrez Carrasco,residente2casa100@vista.cl,19.559.481-3,56942981324,RESIDENTE_ADICIONAL,SI,SI,NO,,,,,,,,,,,,,,,,,,,,,,,
101,CASA,sector 4,Franco Diaz Moreno,residente1casa101@vista.cl,10.107.102-2,56965350347,PROPIETARIO,SI,SI,SI,E-101,,,MEUE79,CAMIONETA,Mitsubishi,L200,Plata,OQBA19,AUTO,Kia,Cerato,Verde,,,,,,,,,,
101,CASA,sector 4,Javiera Campos Gutierrez,residente2casa101@vista.cl,11.140.312-0,56930270856,RESIDENTE_ADICIONAL,SI,SI,NO,,,,,,,,,,,,,,,,,,,,,,,
102,CASA,sector 4,Antonella Briones Sepulveda,residente1casa102@vista.cl,14.042.786-1,56935760684,PROPIETARIO,SI,SI,SI,E-102,,,RANK12,AUTO,Renault,Clio,Rojo,ZAVR32,CAMIONETA,Mitsubishi,L200,Blanco,,,,,,,,,,
102,CASA,sector 4,Rodrigo Briones Núñez,residente2casa102@vista.cl,23.677.027-3,56957572279,RESIDENTE_ADICIONAL,SI,SI,NO,,,,,,,,,,,,,,,,,,,,,,,
103,CASA,sector 4,Agustin Carrasco Carrasco,residente1casa103@vista.cl,19.272.791-K,56973888323,PROPIETARIO,SI,SI,SI,E-103,,,RWQW14,AUTO,Honda,Civic,Blanco,,,,,,,,,,,,,,,
103,CASA,sector 4,Emilia Campos Gonzalez,residente2casa103@vista.cl,21.791.784-0,56933002714,RESIDENTE_ADICIONAL,SI,SI,NO,,,,,,,,,,,,,,,,,,,,,,,
104,CASA,sector 4,Josefa Pizarro Mendez,residente1casa104@vista.cl,19.507.579-4,56962231715,PROPIETARIO,SI,SI,SI,E-104,,,XFXR82,AUTO,Hyundai,Tucson,Plata,BYXO14,CAMIONETA,Chevrolet,Colorado,Negro,,FDVV19,MOTO,Nissan,Qashqai,Gris,,,,
104,CASA,sector 4,Juan Aguilera Valdes,residente2casa104@vista.cl,16.439.870-6,56928783850,RESIDENTE_ADICIONAL,SI,SI,NO,,,,,,,,,,,,,,,,,,,,,,,
105,CASA,sector 4,Vicente Diaz Contreras,propietario_casa105@vista.cl,17.333.124-K,56941157840,PROPIETARIO,NO,NO,NO,,,,,,,,,,,,,,,,,,,,,,,
105,CASA,sector 4,Valentina Herrera Hernandez,residente1casa105@vista.cl,23.389.144-4,56943077929,ARRENDATARIO,SI,SI,SI,E-105,,,PPZI91,AUTO,Nissan,Qashqai,Gris,JYLR94,AUTO,Suzuki,Baleno,Plata,,,,,,,,,,
105,CASA,sector 4,Andres Perez Soto,residente3casa105@vista.cl,14.495.824-1,56930699187,RESIDENTE_ADICIONAL,SI,SI,NO,,,,,,,,,,,,,,,,,,,,,,,
105,CASA,sector 4,Trinidad Acosta Carrasco,residente4casa105@vista.cl,15.312.979-7,56958412365,RESIDENTE_ADICIONAL,SI,SI,NO,,,,,,,,,,,,,,,,,,,,,,,
106,CASA,sector 4,Diego Soto Molina,residente1casa106@vista.cl,20.033.509-0,56953544301,PROPIETARIO,SI,SI,SI,E-106,,,LONC21,AUTO,Hyundai,Accent,Gris,,,,,,,,,,,,,,,
106,CASA,sector 4,Mauricio Carrasco Gonzalez,residente2casa106@vista.cl,14.896.386-K,56965540647,RESIDENTE_ADICIONAL,SI,SI,NO,,,,,,,,,,,,,,,,,,,,,,,
107,CASA,sector 4,Cristian Herrera Carrasco,residente1casa107@vista.cl,23.490.164-8,56954230340,PROPIETARIO,SI,SI,SI,E-107,,,REGG28,AUTO,Peugeot,3008,Blanco,KMBG41,AUTO,Kia,Cerato,Azul,,QLDA60,CAMIONETA,Ford,Ranger,Gris,,,,
107,CASA,sector 4,Tomas Valdes Vargas,residente2casa107@vista.cl,23.681.408-4,56997380687,RESIDENTE_ADICIONAL,NO,SI,NO,,,,,,,,,,,,,,,,,,,,,,,
107,CASA,sector 4,Matias Molina Alvarez,residente3casa107@vista.cl,13.369.728-4,56974291599,RESIDENTE_ADICIONAL,SI,NO,NO,,,,,,,,,,,,,,,,,,,,,,,
108,CASA,sector 4,Agustina Tapia Hernandez,residente1casa108@vista.cl,23.946.594-3,56919282319,PROPIETARIO,SI,SI,SI,E-108,,,UIHU56,AUTO,Volkswagen,Gol,Blanco,ZETA69,AUTO,Peugeot,3008,Azul,,,,,,,,,,
108,CASA,sector 4,Roberto Torres Catalan,residente2casa108@vista.cl,18.376.917-0,56928680305,RESIDENTE_ADICIONAL,SI,SI,NO,,,,,,,,,,,,,,,,,,,,,,,
109,CASA,sector 4,Hernan Mendez Lopez,residente1casa109@vista.cl,21.151.712-3,56957648477,PROPIETARIO,SI,SI,SI,E-109,,,PPNY98,CAMIONETA,Toyota,Hilux,Plata,ZSVP20,MOTO,Peugeot,208,Blanco,,,,,,,,,,
109,CASA,sector 4,Josefa Rios Herrera,residente2casa109@vista.cl,10.743.175-6,56985594147,RESIDENTE_ADICIONAL,NO,SI,NO,,,,,,,,,,,,,,,,,,,,,,,
109,CASA,sector 4,Agustin Moreno Valdes,residente3casa109@vista.cl,23.358.540-8,56967774765,RESIDENTE_ADICIONAL,SI,SI,NO,,,,,,,,,,,,,,,,,,,,,,,
110,CASA,sector 4,Vicente Muñoz Vega,residente1casa110@vista.cl,11.754.047-2,56949652241,PROPIETARIO,SI,SI,SI,E-110,,,LKUP74,AUTO,Honda,Civic,Negro,,,,,,,,,,,,,,,
110,CASA,sector 4,Maximo Soto Silva,residente2casa110@vista.cl,23.947.197-8,56929015320,RESIDENTE_ADICIONAL,SI,SI,NO,,,,,,,,,,,,,,,,,,,,,,,
110,CASA,sector 4,Alvaro Ortiz Briones,residente3casa110@vista.cl,18.102.153-5,56956748074,RESIDENTE_ADICIONAL,SI,SI,NO,,,,,,,,,,,,,,,,,,,,,,,
111,CASA,sector 4,Maite Sandoval Morales,residente1casa111@vista.cl,15.553.084-7,56985141654,PROPIETARIO,SI,SI,SI,E-111,,,WQRE41,AUTO,Honda,Civic,Rojo,,,,,,,,,,,,,,,
111,CASA,sector 4,Lucas Ortiz Gutierrez,residente2casa111@vista.cl,23.384.121-8,56964364546,RESIDENTE_ADICIONAL,SI,SI,NO,,,,,,,,,,,,,,,,,,,,,,,
112,CASA,sector 4,Santiago Briones Campos,residente1casa112@vista.cl,15.258.048-7,56990124068,PROPIETARIO,SI,SI,SI,E-112,,,LAFH18,AUTO,Kia,Sportage,Rojo,NJFC95,AUTO,Hyundai,Tucson,Verde,,,,,,,,,,
112,CASA,sector 4,Joaquin Herrera Rivera,residente2casa112@vista.cl,19.848.304-4,56925331969,RESIDENTE_ADICIONAL,SI,SI,NO,,,,,,,,,,,,,,,,,,,,,,,
113,CASA,sector 5,Alonso Aguilera Alvarez,residente1casa113@vista.cl,20.825.667-K,56933251181,PROPIETARIO,SI,SI,SI,E-113,,,PRIG24,AUTO,Nissan,Versa,Negro,NKDJ33,AUTO,Mazda,CX-5,Plata,,,,,,,,,,
113,CASA,sector 5,Diego Morales Ramos,residente2casa113@vista.cl,14.845.843-K,56928830282,RESIDENTE_ADICIONAL,SI,SI,NO,,,,,,,,,,,,,,,,,,,,,,,
113,CASA,sector 5,Rodrigo Diaz Cortes,residente3casa113@vista.cl,10.160.783-6,56975043108,RESIDENTE_ADICIONAL,SI,SI,NO,,,,,,,,,,,,,,,,,,,,,,,
114,CASA,sector 5,Martina Vergara Gutierrez,residente1casa114@vista.cl,19.019.575-9,56948744673,PROPIETARIO,SI,SI,SI,E-114,,,SLEO38,AUTO,Ford,EcoSport,Gris,,,,,,,,,,,,,,,
114,CASA,sector 5,Josefa Ortiz Pizarro,residente2casa114@vista.cl,22.457.389-8,56976479831,RESIDENTE_ADICIONAL,SI,SI,NO,,,,,,,,,,,,,,,,,,,,,,,
115,CASA,sector 5,Roberto Fuentes Aguilera,propietario_casa115@vista.cl,23.801.121-3,56915584869,PROPIETARIO,NO,NO,NO,,,,,,,,,,,,,,,,,,,,,,,
115,CASA,sector 5,Claudio Acosta Peña,residente1casa115@vista.cl,21.561.743-2,56957060874,ARRENDATARIO,SI,SI,SI,E-115,,,ZCVT48,AUTO,Suzuki,Baleno,Verde,JVLZ40,AUTO,Toyota,Yaris,Negro,,,,,,,,,,
115,CASA,sector 5,Mauricio Olivares Herrera,residente3casa115@vista.cl,20.616.129-9,56967467610,RESIDENTE_ADICIONAL,SI,SI,NO,,,,,,,,,,,,,,,,,,,,,,,
115,CASA,sector 5,Agustina Ortiz Diaz,residente4casa115@vista.cl,19.564.260-5,56957085656,RESIDENTE_ADICIONAL,SI,SI,NO,,,,,,,,,,,,,,,,,,,,,,,
116,CASA,sector 5,Natalia Hernandez Pizarro,propietario_casa116@vista.cl,14.485.272-9,56979043610,PROPIETARIO,NO,NO,NO,,,,,,,,,,,,,,,,,,,,,,,
116,CASA,sector 5,Cristobal Acosta Vergara,residente1casa116@vista.cl,21.655.192-3,56959535894,ARRENDATARIO,SI,SI,SI,E-116,,,DTKB45,AUTO,Ford,EcoSport,Verde,WGSV96,CAMIONETA,Ford,Ranger,Plata,,QQJB21,AUTO,Volkswagen,Gol,Plata,,,,
116,CASA,sector 5,Mateo Ramos Espinoza,residente3casa116@vista.cl,19.763.593-2,56910331931,RESIDENTE_ADICIONAL,SI,SI,NO,,,,,,,,,,,,,,,,,,,,,,,
116,CASA,sector 5,Valentina Lagos Ortiz,residente4casa116@vista.cl,20.650.856-6,56999139874,RESIDENTE_ADICIONAL,SI,NO,NO,,,,,,,,,,,,,,,,,,,,,,,
117,CASA,sector 5,Barbara Morales Vergara,residente1casa117@vista.cl,11.565.985-5,56997857309,PROPIETARIO,SI,SI,SI,E-117,,,IHOD72,AUTO,Kia,Sportage,Verde,TBQV12,AUTO,Nissan,Qashqai,Blanco,,AYFR26,AUTO,Kia,Cerato,Azul,,,,
117,CASA,sector 5,Martin Núñez Soto,residente2casa117@vista.cl,16.238.503-8,56999188862,RESIDENTE_ADICIONAL,NO,SI,NO,,,,,,,,,,,,,,,,,,,,,,,
118,CASA,sector 5,Javiera Vega Perez,residente1casa118@vista.cl,13.841.091-9,56961414775,PROPIETARIO,SI,SI,SI,E-118,,,CCFC85,AUTO,Chevrolet,Sail,Negro,ASVZ64,AUTO,Volkswagen,T-Cross,Azul,,,,,,,,,,
118,CASA,sector 5,Valentina Lagos Contreras,residente2casa118@vista.cl,11.731.434-0,56952057323,RESIDENTE_ADICIONAL,SI,SI,NO,,,,,,,,,,,,,,,,,,,,,,,
119,CASA,sector 5,Marcelo Contreras Martinez,residente1casa119@vista.cl,22.623.943-K,56926529882,PROPIETARIO,SI,SI,SI,E-119,,,DNAQ66,CAMIONETA,Ford,Ranger,Gris,TXQL37,CAMIONETA,Mitsubishi,L200,Blanco,,,,,,,,,,
119,CASA,sector 5,Ignacio Lagos Carrasco,residente2casa119@vista.cl,15.897.789-3,56967631581,RESIDENTE_ADICIONAL,SI,SI,NO,,,,,,,,,,,,,,,,,,,,,,,
119,CASA,sector 5,Constanza Rios Soto,residente3casa119@vista.cl,14.163.551-4,56984275638,RESIDENTE_ADICIONAL,SI,SI,NO,,,,,,,,,,,,,,,,,,,,,,,
120,CASA,sector 5,Patricio Lopez Flores,residente1casa120@vista.cl,13.446.807-6,56979491111,PROPIETARIO,SI,SI,SI,E-120,,,,,,,,,,,,,,,,,,,,,,
120,CASA,sector 5,Javier Henriquez Castro,residente2casa120@vista.cl,22.546.734-K,56962579931,RESIDENTE_ADICIONAL,SI,SI,NO,,,,,,,,,,,,,,,,,,,,,,,
120,CASA,sector 5,Marcelo Mendez Ramos,residente3casa120@vista.cl,16.474.085-4,56925132198,RESIDENTE_ADICIONAL,SI,SI,NO,,,,,,,,,,,,,,,,,,,,,,,
121,CASA,sector 5,Sofia Fuentes Espinoza,propietario_casa121@vista.cl,12.214.305-8,56961920550,PROPIETARIO,NO,NO,NO,,,,,,,,,,,,,,,,,,,,,,,
121,CASA,sector 5,Alonso Olivares Henriquez,residente1casa121@vista.cl,22.869.970-5,56965758338,ARRENDATARIO,SI,SI,SI,E-121,,,OEMZ19,AUTO,Peugeot,3008,Blanco,GBBU74,AUTO,Peugeot,3008,Gris,,,,,,,,,,
121,CASA,sector 5,Lucas Alvarez Rivera,residente3casa121@vista.cl,11.382.909-5,56995971459,RESIDENTE_ADICIONAL,SI,SI,NO,,,,,,,,,,,,,,,,,,,,,,,
121,CASA,sector 5,Constanza Soto Flores,residente4casa121@vista.cl,11.325.761-K,56978626154,RESIDENTE_ADICIONAL,NO,NO,NO,,,,,,,,,,,,,,,,,,,,,,,
122,CASA,sector 5,Ignacio Campos Moreno,propietario_casa122@vista.cl,24.001.030-5,56997219985,PROPIETARIO,NO,NO,NO,,,,,,,,,,,,,,,,,,,,,,,
122,CASA,sector 5,Javiera Alvarez Gonzalez,residente1casa122@vista.cl,12.748.655-7,56976627415,ARRENDATARIO,SI,SI,SI,E-122,,,LYGG65,CAMIONETA,Toyota,Hilux,Blanco,BRRE11,AUTO,Suzuki,Baleno,Azul,,,,,,,,,,
122,CASA,sector 5,Vicente Briones Briones,residente3casa122@vista.cl,23.136.343-2,56944795538,RESIDENTE_ADICIONAL,SI,SI,NO,,,,,,,,,,,,,,,,,,,,,,,
123,CASA,sector 5,Hernan Contreras Pizarro,residente1casa123@vista.cl,21.309.864-0,56925479814,PROPIETARIO,SI,SI,SI,E-123,,,ILNG83,AUTO,Subaru,XV,Azul,NBWE30,CAMIONETA,Toyota,Hilux,Gris,,,,,,,,,,
123,CASA,sector 5,Fernanda Acosta Henriquez,residente2casa123@vista.cl,10.043.092-4,56915910667,RESIDENTE_ADICIONAL,SI,SI,NO,,,,,,,,,,,,,,,,,,,,,,,
124,CASA,sector 5,Trinidad Reyes Rojas,propietario_casa124@vista.cl,19.275.531-K,56998007006,PROPIETARIO,NO,NO,NO,,,,,,,,,,,,,,,,,,,,,,,
124,CASA,sector 5,Juan Diaz Reyes,residente1casa124@vista.cl,13.744.423-2,56979226031,ARRENDATARIO,SI,SI,SI,E-124,,,XIVO25,AUTO,Nissan,Qashqai,Rojo,,,,,,,,,,,,,,,
124,CASA,sector 5,Martina Rivera Perez,residente3casa124@vista.cl,24.713.471-9,56972423883,RESIDENTE_ADICIONAL,SI,SI,NO,,,,,,,,,,,,,,,,,,,,,,,
125,CASA,sector 5,Hernan Castro Lagos,residente1casa125@vista.cl,19.169.742-1,56942900372,PROPIETARIO,SI,SI,SI,E-125,,,OHQM85,AUTO,Mazda,CX-5,Plata,,,,,,,,,,,,,,,
126,CASA,sector 5,Isabella Gutierrez Aguilera,propietario_casa126@vista.cl,15.812.025-9,56995354668,PROPIETARIO,NO,NO,NO,,,,,,,,,,,,,,,,,,,,,,,
126,CASA,sector 5,Martina Gutierrez Briones,residente1casa126@vista.cl,16.929.943-9,56959995026,ARRENDATARIO,SI,SI,SI,E-126,,,ARWS23,AUTO,Toyota,Corolla,Negro,KYZD45,AUTO,Volkswagen,T-Cross,Blanco,,,,,,,,,,
126,CASA,sector 5,Mateo Acosta Soto,residente3casa126@vista.cl,19.743.714-6,56922828128,RESIDENTE_ADICIONAL,SI,SI,NO,,,,,,,,,,,,,,,,,,,,,,,
126,CASA,sector 5,Agustin Perez Peña,residente4casa126@vista.cl,19.526.451-1,56918359464,RESIDENTE_ADICIONAL,SI,NO,NO,,,,,,,,,,,,,,,,,,,,,,,
127,CASA,sector 5,Hernan Peña Contreras,residente1casa127@vista.cl,12.607.356-9,56924181143,PROPIETARIO,SI,SI,SI,E-127,,,TIHB35,AUTO,Mazda,3,Negro,,,,,,,,,,,,,,,
127,CASA,sector 5,Josefa Tapia Ortiz,residente2casa127@vista.cl,15.268.604-8,56964561191,RESIDENTE_ADICIONAL,SI,SI,NO,,,,,,,,,,,,,,,,,,,,,,,
128,CASA,sector 5,Patricio Espinoza Sepulveda,residente1casa128@vista.cl,11.530.298-1,56943315361,PROPIETARIO,SI,SI,SI,E-128,,,UHSP37,AUTO,Hyundai,Tucson,Verde,,,,,,,,,,,,,,,
128,CASA,sector 5,Vicente Rivera Henriquez,residente2casa128@vista.cl,10.821.255-1,56950109721,RESIDENTE_ADICIONAL,SI,NO,NO,,,,,,,,,,,,,,,,,,,,,,,
129,CASA,sector 5,Tomas Sandoval Acosta,propietario_casa129@vista.cl,19.229.497-5,56943534652,PROPIETARIO,NO,NO,NO,,,,,,,,,,,,,,,,,,,,,,,
129,CASA,sector 5,Antonella Martinez Silva,residente1casa129@vista.cl,10.200.603-8,56918277097,ARRENDATARIO,SI,SI,SI,E-129,,,,,,,,,,,,,,,,,,,,,,
129,CASA,sector 5,Cristian Gutierrez Martinez,residente3casa129@vista.cl,13.324.120-5,56963765180,RESIDENTE_ADICIONAL,SI,SI,NO,,,,,,,,,,,,,,,,,,,,,,,
130,CASA,sector 5,Martina Ortiz Diaz,residente1casa130@vista.cl,12.818.391-4,56987025433,PROPIETARIO,SI,SI,SI,E-130,,,BXLD52,MOTO,Toyota,Hilux,Blanco,,,,,,,,,,,,,,,
130,CASA,sector 5,Lucas Lagos Rivera,residente2casa130@vista.cl,18.323.619-9,56913957046,RESIDENTE_ADICIONAL,SI,SI,NO,,,,,,,,,,,,,,,,,,,,,,,
131,CASA,sector 5,Facundo Diaz Soto,residente1casa131@vista.cl,14.693.862-0,56961407440,PROPIETARIO,SI,SI,SI,E-131,,,AQGH62,AUTO,Suzuki,Baleno,Rojo,,,,,,,,,,,,,,,
131,CASA,sector 5,Javiera Torres Castro,residente2casa131@vista.cl,20.781.920-4,56980573568,RESIDENTE_ADICIONAL,SI,NO,NO,,,,,,,,,,,,,,,,,,,,,,,
131,CASA,sector 5,Sebastian Muñoz Carrasco,residente3casa131@vista.cl,23.118.369-8,56958199211,RESIDENTE_ADICIONAL,SI,SI,NO,,,,,,,,,,,,,,,,,,,,,,,
132,CASA,sector 5,Facundo Briones Cortes,residente1casa132@vista.cl,22.865.476-0,56988381665,PROPIETARIO,SI,SI,SI,E-132,,,IFXU17,CAMIONETA,Chevrolet,Colorado,Verde,,,,,,,,,,,,,,,
132,CASA,sector 5,Fernanda Morales Contreras,residente2casa132@vista.cl,14.158.351-4,56998162850,RESIDENTE_ADICIONAL,SI,SI,NO,,,,,,,,,,,,,,,,,,,,,,,
133,CASA,sector 5,Felipe Pizarro Sepulveda,residente1casa133@vista.cl,19.447.399-0,56935264294,PROPIETARIO,SI,SI,SI,E-133,,,ZKYZ32,AUTO,Chevrolet,Sail,Negro,USXA99,AUTO,Chevrolet,Sail,Gris,,,,,,,,,,
133,CASA,sector 5,Cristian Ramos Aguilera,residente2casa133@vista.cl,15.185.050-2,56933562830,RESIDENTE_ADICIONAL,SI,SI,NO,,,,,,,,,,,,,,,,,,,,,,,
133,CASA,sector 5,Fernanda Molina Gutierrez,residente3casa133@vista.cl,10.334.336-4,56980658723,RESIDENTE_ADICIONAL,SI,SI,NO,,,,,,,,,,,,,,,,,,,,,,,
134,CASA,sector 5,Florencia Briones Fuentes,residente1casa134@vista.cl,11.216.878-8,56960142505,PROPIETARIO,SI,SI,SI,E-134,,,VIAP28,AUTO,Kia,Cerato,Verde,,,,,,,,,,,,,,,
134,CASA,sector 5,Andres Lopez Rivera,residente2casa134@vista.cl,19.831.728-4,56923560308,RESIDENTE_ADICIONAL,SI,SI,NO,,,,,,,,,,,,,,,,,,,,,,,
134,CASA,sector 5,Josefa Lagos Vargas,residente3casa134@vista.cl,23.284.913-4,56995800828,RESIDENTE_ADICIONAL,NO,SI,NO,,,,,,,,,,,,,,,,,,,,,,,
135,CASA,sector 5,Pedro Herrera Cortes,propietario_casa135@vista.cl,13.745.298-7,56999326148,PROPIETARIO,NO,NO,NO,,,,,,,,,,,,,,,,,,,,,,,
135,CASA,sector 5,Agustin Pizarro Rojas,residente1casa135@vista.cl,13.054.824-5,56990851238,ARRENDATARIO,SI,SI,SI,E-135,,,THEA99,AUTO,Kia,Cerato,Rojo,,,,,,,,,,,,,,,
135,CASA,sector 5,Matias Herrera Gutierrez,residente3casa135@vista.cl,20.731.492-7,56985906869,RESIDENTE_ADICIONAL,SI,SI,NO,,,,,,,,,,,,,,,,,,,,,,,
135,CASA,sector 5,Benjamin Acosta Perez,residente4casa135@vista.cl,13.992.909-8,56956548066,RESIDENTE_ADICIONAL,NO,SI,NO,,,,,,,,,,,,,,,,,,,,,,,
136,CASA,sector 5,Gonzalo Carrasco Cortes,residente1casa136@vista.cl,19.160.762-7,56960378298,PROPIETARIO,SI,SI,SI,E-136,,,IAFS54,CAMIONETA,Ford,Ranger,Gris,BLKE62,AUTO,Hyundai,Tucson,Plata,,,,,,,,,,
137,CASA,sector 5,Mauricio Pizarro Rios,propietario_casa137@vista.cl,22.721.215-2,56940277201,PROPIETARIO,NO,NO,NO,,,,,,,,,,,,,,,,,,,,,,,
137,CASA,sector 5,Gonzalo Carrasco Morales,residente1casa137@vista.cl,22.280.671-2,56920066654,ARRENDATARIO,SI,SI,SI,E-137,,,AAGC53,CAMIONETA,Toyota,Hilux,Negro,,,,,,,,,,,,,,,
137,CASA,sector 5,Diego Soto Valdes,residente3casa137@vista.cl,19.966.178-7,56992362000,RESIDENTE_ADICIONAL,SI,SI,NO,,,,,,,,,,,,,,,,,,,,,,,
138,CASA,sector 5,Franco Hernandez Flores,residente1casa138@vista.cl,13.985.398-9,56922873617,PROPIETARIO,SI,SI,SI,E-138,,,CFES79,AUTO,Suzuki,Swift,Gris,,,,,,,,,,,,,,,
138,CASA,sector 5,Emilia Rivera Pizarro,residente2casa138@vista.cl,19.221.808-K,56975893962,RESIDENTE_ADICIONAL,SI,SI,NO,,,,,,,,,,,,,,,,,,,,,,,
139,CASA,sector 5,Maite Fuentes Carrasco,residente1casa139@vista.cl,16.197.531-1,56935042738,PROPIETARIO,SI,SI,SI,E-139,,,CFQZ70,AUTO,Renault,Clio,Verde,KMRC79,AUTO,Hyundai,Tucson,Plata,,,,,,,,,,
139,CASA,sector 5,Tomas Rojas Núñez,residente2casa139@vista.cl,17.377.620-9,56972419022,RESIDENTE_ADICIONAL,SI,SI,NO,,,,,,,,,,,,,,,,,,,,,,,
140,CASA,sector 5,Barbara Soto Rivera,residente1casa140@vista.cl,24.326.732-3,56914661179,PROPIETARIO,SI,SI,SI,E-140,,,IOZP80,AUTO,Hyundai,Tucson,Blanco,KNWM40,AUTO,Mazda,3,Plata,,,,,,,,,,
141,CASA,sector 5,Cristian Molina Núñez,residente1casa141@vista.cl,15.364.506-K,56918994192,PROPIETARIO,SI,SI,SI,E-141,,,DYLY31,AUTO,Ford,EcoSport,Negro,LZLZ90,AUTO,Kia,Sportage,Negro,,,,,,,,,,
141,CASA,sector 5,Valentina Carrasco Sandoval,residente2casa141@vista.cl,16.666.510-8,56984095459,RESIDENTE_ADICIONAL,SI,SI,NO,,,,,,,,,,,,,,,,,,,,,,,
141,CASA,sector 5,Mateo Gonzalez Alvarez,residente3casa141@vista.cl,20.453.177-3,56988863127,RESIDENTE_ADICIONAL,SI,SI,NO,,,,,,,,,,,,,,,,,,,,,,,
142,CASA,sector 5,Gonzalo Torres Núñez,residente1casa142@vista.cl,16.426.403-3,56997884113,PROPIETARIO,SI,SI,SI,E-142,,,CCUU78,AUTO,Subaru,XV,Gris,,,,,,,,,,,,,,,
143,CASA,sector 5,Constanza Rivera Sepulveda,residente1casa143@vista.cl,20.372.421-7,56991692326,PROPIETARIO,SI,SI,SI,E-143,,,,,,,,,,,,,,,,,,,,,,
143,CASA,sector 5,Juan Alvarez Rivera,residente2casa143@vista.cl,10.650.662-0,56963122402,RESIDENTE_ADICIONAL,SI,SI,NO,,,,,,,,,,,,,,,,,,,,,,,
144,CASA,sector 5,Jorge Torres Molina,residente1casa144@vista.cl,20.830.612-K,56921983878,PROPIETARIO,SI,SI,SI,E-144,,,VHHM99,MOTO,Mazda,CX-5,Azul,FHTU51,AUTO,Hyundai,Tucson,Gris,,,,,,,,,,
144,CASA,sector 5,Antonia Tapia Ortiz,residente2casa144@vista.cl,23.823.913-3,56964649480,RESIDENTE_ADICIONAL,SI,SI,NO,,,,,,,,,,,,,,,,,,,,,,,
144,CASA,sector 5,Mauricio Fuentes Diaz,residente3casa144@vista.cl,18.644.791-3,56931336920,RESIDENTE_ADICIONAL,SI,SI,NO,,,,,,,,,,,,,,,,,,,,,,,
145,CASA,sector 5,Martin Olivares Castro,residente1casa145@vista.cl,14.596.579-9,56959439358,PROPIETARIO,SI,SI,SI,E-145,,,FVVG68,MOTO,Peugeot,3008,Blanco,,,,,,,,,,,,,,,
145,CASA,sector 5,Roberto Ortiz Henriquez,residente2casa145@vista.cl,16.659.586-K,56995283260,RESIDENTE_ADICIONAL,NO,SI,NO,,,,,,,,,,,,,,,,,,,,,,,
145,CASA,sector 5,Camila Fuentes Ramos,residente3casa145@vista.cl,19.966.397-6,56969874989,RESIDENTE_ADICIONAL,SI,NO,NO,,,,,,,,,,,,,,,,,,,,,,,
146,CASA,sector 5,Agustina Gutierrez Rios,residente1casa146@vista.cl,13.776.753-8,56937746963,PROPIETARIO,SI,SI,SI,E-146,,,RHKE83,CAMIONETA,Chevrolet,Colorado,Verde,,,,,,,,,,,,,,,
146,CASA,sector 5,Constanza Rios Torres,residente2casa146@vista.cl,18.611.430-2,56912691381,RESIDENTE_ADICIONAL,SI,NO,NO,,,,,,,,,,,,,,,,,,,,,,,
147,CASA,sector 5,Maite Molina Gonzalez,residente1casa147@vista.cl,13.754.238-2,56943875271,PROPIETARIO,SI,SI,SI,E-147,,,,,,,,,,,,,,,,,,,,,,
147,CASA,sector 5,Javier Flores Olivares,residente2casa147@vista.cl,21.901.223-3,56996267144,RESIDENTE_ADICIONAL,SI,NO,NO,,,,,,,,,,,,,,,,,,,,,,,
148,CASA,sector 5,Cristian Fuentes Sandoval,residente1casa148@vista.cl,20.860.598-4,56989694801,PROPIETARIO,SI,SI,SI,E-148,,,VKCN94,AUTO,Nissan,Versa,Verde,,,,,,,,,,,,,,,
148,CASA,sector 5,Javier Hernandez Flores,residente2casa148@vista.cl,21.482.547-3,56924509544,RESIDENTE_ADICIONAL,SI,SI,NO,,,,,,,,,,,,,,,,,,,,,,,
149,CASA,sector 5,Patricio Molina Rivera,residente1casa149@vista.cl,21.081.859-6,56952894071,PROPIETARIO,SI,SI,SI,E-149,,,XHDT17,CAMIONETA,Ford,Ranger,Verde,,,,,,,,,,,,,,,
149,CASA,sector 5,Juan Martinez Lagos,residente2casa149@vista.cl,10.427.068-9,56997966375,RESIDENTE_ADICIONAL,SI,SI,NO,,,,,,,,,,,,,,,,,,,,,,,
150,CASA,sector 5,Natalia Contreras Vega,residente1casa150@vista.cl,12.146.546-9,56944715663,PROPIETARIO,SI,SI,SI,E-150,,,OESF78,AUTO,Peugeot,3008,Azul,RNVV81,AUTO,Volkswagen,Gol,Negro,,,,,,,,,,
150,CASA,sector 5,Jorge Sandoval Moreno,residente2casa150@vista.cl,13.071.377-7,56955047826,RESIDENTE_ADICIONAL,SI,SI,NO,,,,,,,,,,,,,,,,,,,,,,,
151,CASA,sector 5,Ignacio Herrera Perez,residente1casa151@vista.cl,17.922.531-K,56936111227,PROPIETARIO,SI,SI,SI,E-151,,,PMDB91,AUTO,Nissan,Qashqai,Rojo,,,,,,,,,,,,,,,
151,CASA,sector 5,Cristobal Silva Catalan,residente2casa151@vista.cl,16.403.346-5,56981113720,RESIDENTE_ADICIONAL,SI,SI,NO,,,,,,,,,,,,,,,,,,,,,,,
151,CASA,sector 5,Patricio Sepulveda Martinez,residente3casa151@vista.cl,13.360.419-7,56955992373,RESIDENTE_ADICIONAL,SI,SI,NO,,,,,,,,,,,,,,,,,,,,,,,
152,CASA,sector 5,Tomas Vergara Ortiz,residente1casa152@vista.cl,22.770.704-6,56932629881,PROPIETARIO,SI,SI,SI,E-152,,,CIZI17,AUTO,Honda,Civic,Blanco,,,,,,,,,,,,,,,
152,CASA,sector 5,Felipe Moreno Morales,residente2casa152@vista.cl,18.213.740-5,56921816709,RESIDENTE_ADICIONAL,SI,SI,NO,,,,,,,,,,,,,,,,,,,,,,,
153,CASA,sector 5,Isabella Catalan Gonzalez,residente1casa153@vista.cl,20.514.061-1,56943396474,PROPIETARIO,SI,SI,SI,E-153,,,FJAI77,MOTO,Toyota,Corolla,Negro,,,,,,,,,,,,,,,
153,CASA,sector 5,Fernanda Alvarez Cortes,residente2casa153@vista.cl,15.236.039-8,56927304799,RESIDENTE_ADICIONAL,SI,SI,NO,,,,,,,,,,,,,,,,,,,,,,,
154,CASA,sector 5,Natalia Ortiz Lagos,residente1casa154@vista.cl,18.728.991-2,56990043415,PROPIETARIO,SI,SI,SI,E-154,,,,,,,,,,,,,,,,,,,,,,
155,CASA,sector 5,Andres Rios Rojas,residente1casa155@vista.cl,16.294.684-6,56995942441,PROPIETARIO,SI,SI,SI,E-155,,,XJEY61,AUTO,Hyundai,Accent,Blanco,ZFAN25,AUTO,Chevrolet,Sail,Gris,,,,,,,,,,
155,CASA,sector 5,Daniela Aguilera Herrera,residente2casa155@vista.cl,10.815.153-6,56989715138,RESIDENTE_ADICIONAL,NO,SI,NO,,,,,,,,,,,,,,,,,,,,,,,
156,CASA,sector 5,Cristian Contreras Henriquez,residente1casa156@vista.cl,22.058.896-3,56992906016,PROPIETARIO,SI,SI,SI,E-156,,,DGSF97,AUTO,Suzuki,Swift,Azul,RRHP27,AUTO,Toyota,Corolla,Plata,,,,,,,,,,
157,CASA,sector 5,Antonella Ramos Castro,propietario_casa157@vista.cl,20.217.354-3,56936809908,PROPIETARIO,NO,NO,NO,,,,,,,,,,,,,,,,,,,,,,,
157,CASA,sector 5,Trinidad Soto Henriquez,residente1casa157@vista.cl,11.259.100-1,56923594977,ARRENDATARIO,SI,SI,SI,E-157,,,JKEO36,AUTO,Volkswagen,T-Cross,Azul,ARXV95,AUTO,Volkswagen,Gol,Plata,,,,,,,,,,
158,CASA,sector 6,Juan Espinoza Vargas,residente1casa158@vista.cl,22.390.648-6,56925555976,PROPIETARIO,SI,SI,SI,E-158,,,BVWW56,AUTO,Nissan,Versa,Verde,,,,,,,,,,,,,,,
158,CASA,sector 6,Antonella Moreno Rojas,residente2casa158@vista.cl,10.162.274-6,56928574987,RESIDENTE_ADICIONAL,SI,SI,NO,,,,,,,,,,,,,,,,,,,,,,,
159,CASA,sector 6,Joaquin Alvarez Vega,residente1casa159@vista.cl,23.420.079-8,56966604960,PROPIETARIO,SI,SI,SI,E-159,,,VEKZ44,CAMIONETA,Mitsubishi,L200,Verde,,,,,,,,,,,,,,,
159,CASA,sector 6,Gabriel Morales Silva,residente2casa159@vista.cl,12.223.175-5,56917871385,RESIDENTE_ADICIONAL,NO,SI,NO,,,,,,,,,,,,,,,,,,,,,,,
160,CASA,sector 6,Facundo Pizarro Catalan,propietario_casa160@vista.cl,17.351.152-3,56934328380,PROPIETARIO,NO,NO,NO,,,,,,,,,,,,,,,,,,,,,,,
160,CASA,sector 6,Santiago Silva Torres,residente1casa160@vista.cl,17.393.515-3,56916170301,ARRENDATARIO,SI,SI,SI,E-160,,,ARVZ26,AUTO,Subaru,XV,Plata,,,,,,,,,,,,,,,
160,CASA,sector 6,Catalina Núñez Rios,residente3casa160@vista.cl,15.272.037-8,56911658959,RESIDENTE_ADICIONAL,SI,SI,NO,,,,,,,,,,,,,,,,,,,,,,,
160,CASA,sector 6,Hernan Acosta Pizarro,residente4casa160@vista.cl,22.142.905-2,56985834657,RESIDENTE_ADICIONAL,SI,NO,NO,,,,,,,,,,,,,,,,,,,,,,,
161,CASA,sector 6,Santiago Morales Perez,residente1casa161@vista.cl,22.606.903-8,56975987872,PROPIETARIO,SI,SI,SI,E-161,,,RGIR59,AUTO,Renault,Clio,Negro,PAYN70,AUTO,Peugeot,208,Verde,,,,,,,,,,
161,CASA,sector 6,Matias Mendez Valdes,residente2casa161@vista.cl,14.666.702-3,56916757958,RESIDENTE_ADICIONAL,SI,SI,NO,,,,,,,,,,,,,,,,,,,,,,,
162,CASA,sector 6,Tomas Pizarro Tapia,residente1casa162@vista.cl,11.476.728-K,56976901651,PROPIETARIO,SI,SI,SI,E-162,,,,,,,,,,,,,,,,,,,,,,
162,CASA,sector 6,Tomas Espinoza Silva,residente2casa162@vista.cl,18.344.540-5,56997694240,RESIDENTE_ADICIONAL,SI,SI,NO,,,,,,,,,,,,,,,,,,,,,,,
162,CASA,sector 6,Martina Sandoval Sandoval,residente3casa162@vista.cl,10.002.847-6,56922199793,RESIDENTE_ADICIONAL,SI,NO,NO,,,,,,,,,,,,,,,,,,,,,,,
163,CASA,sector 6,Diego Herrera Molina,residente1casa163@vista.cl,17.937.865-5,56998203489,PROPIETARIO,SI,SI,SI,E-163,,,YJBF68,CAMIONETA,Ford,Ranger,Gris,,,,,,,,,,,,,,,
163,CASA,sector 6,Martin Olivares Tapia,residente2casa163@vista.cl,11.912.994-K,56923077775,RESIDENTE_ADICIONAL,SI,SI,NO,,,,,,,,,,,,,,,,,,,,,,,
163,CASA,sector 6,Benjamin Cortes Campos,residente3casa163@vista.cl,23.420.308-8,56949189370,RESIDENTE_ADICIONAL,SI,SI,NO,,,,,,,,,,,,,,,,,,,,,,,
164,CASA,sector 6,Santiago Martinez Olivares,propietario_casa164@vista.cl,22.457.265-4,56964923338,PROPIETARIO,NO,NO,NO,,,,,,,,,,,,,,,,,,,,,,,
164,CASA,sector 6,Rodrigo Castro Castro,residente1casa164@vista.cl,12.025.778-1,56962733674,ARRENDATARIO,SI,SI,SI,E-164,,,,,,,,,,,,,,,,,,,,,,
164,CASA,sector 6,Agustina Ortiz Castro,residente3casa164@vista.cl,22.025.705-3,56955356673,RESIDENTE_ADICIONAL,SI,SI,NO,,,,,,,,,,,,,,,,,,,,,,,
164,CASA,sector 6,Alonso Catalan Peña,residente4casa164@vista.cl,12.067.274-6,56970465703,RESIDENTE_ADICIONAL,SI,SI,NO,,,,,,,,,,,,,,,,,,,,,,,
165,CASA,sector 6,Miguel Diaz Sandoval,residente1casa165@vista.cl,17.261.353-5,56988533572,PROPIETARIO,SI,SI,SI,E-165,,,,,,,,,,,,,,,,,,,,,,
165,CASA,sector 6,Facundo Henriquez Reyes,residente2casa165@vista.cl,21.606.775-4,56987652255,RESIDENTE_ADICIONAL,SI,SI,NO,,,,,,,,,,,,,,,,,,,,,,,
165,CASA,sector 6,Antonella Carrasco Lopez,residente3casa165@vista.cl,20.075.490-5,56991357521,RESIDENTE_ADICIONAL,SI,SI,NO,,,,,,,,,,,,,,,,,,,,,,,
166,CASA,sector 6,Agustina Castro Ortiz,residente1casa166@vista.cl,20.471.794-K,56949000919,PROPIETARIO,SI,SI,SI,E-166,,,KIHU27,AUTO,Subaru,XV,Plata,THSW80,AUTO,Renault,Clio,Azul,,,,,,,,,,
166,CASA,sector 6,Juan Cortes Catalan,residente2casa166@vista.cl,12.225.862-9,56997253117,RESIDENTE_ADICIONAL,NO,SI,NO,,,,,,,,,,,,,,,,,,,,,,,
166,CASA,sector 6,Sebastian Alvarez Campos,residente3casa166@vista.cl,15.408.662-5,56925489430,RESIDENTE_ADICIONAL,SI,SI,NO,,,,,,,,,,,,,,,,,,,,,,,
167,CASA,sector 6,Daniela Sepulveda Diaz,residente1casa167@vista.cl,21.586.258-5,56949613096,PROPIETARIO,SI,SI,SI,E-167,,,VHWV76,AUTO,Ford,EcoSport,Blanco,BBGU46,AUTO,Toyota,Corolla,Azul,,,,,,,,,,
167,CASA,sector 6,Agustina Moreno Aguilera,residente2casa167@vista.cl,10.542.011-0,56958141541,RESIDENTE_ADICIONAL,SI,SI,NO,,,,,,,,,,,,,,,,,,,,,,,
167,CASA,sector 6,Mauricio Catalan Acosta,residente3casa167@vista.cl,19.426.865-3,56940106027,RESIDENTE_ADICIONAL,SI,SI,NO,,,,,,,,,,,,,,,,,,,,,,,
168,CASA,sector 6,Fernanda Campos Olivares,residente1casa168@vista.cl,21.904.197-7,56996923747,PROPIETARIO,SI,SI,SI,E-168,,,BJKU97,AUTO,Nissan,Versa,Gris,TFWW66,AUTO,Peugeot,208,Verde,,,,,,,,,,
168,CASA,sector 6,Martin Moreno Peña,residente2casa168@vista.cl,19.170.680-3,56990985229,RESIDENTE_ADICIONAL,SI,SI,NO,,,,,,,,,,,,,,,,,,,,,,,
168,CASA,sector 6,Antonia Hernandez Tapia,residente3casa168@vista.cl,12.976.712-K,56919995059,RESIDENTE_ADICIONAL,SI,SI,NO,,,,,,,,,,,,,,,,,,,,,,,
169,CASA,sector 6,Trinidad Espinoza Molina,residente1casa169@vista.cl,10.853.212-2,56993935292,PROPIETARIO,SI,SI,SI,E-169,,,EVAM29,AUTO,Peugeot,208,Blanco,,,,,,,,,,,,,,,
169,CASA,sector 6,Rodrigo Lopez Flores,residente2casa169@vista.cl,18.230.079-9,56986863404,RESIDENTE_ADICIONAL,SI,SI,NO,,,,,,,,,,,,,,,,,,,,,,,
170,CASA,sector 6,Camila Rojas Catalan,residente1casa170@vista.cl,24.858.911-6,56953075436,PROPIETARIO,SI,SI,SI,E-170,,,NKNC38,AUTO,Volkswagen,T-Cross,Negro,JFTN81,AUTO,Ford,EcoSport,Verde,,ARLX88,AUTO,Subaru,XV,Rojo,,,,
170,CASA,sector 6,Joaquin Silva Carrasco,residente2casa170@vista.cl,14.304.875-6,56982509424,RESIDENTE_ADICIONAL,SI,SI,NO,,,,,,,,,,,,,,,,,,,,,,,
171,CASA,sector 6,Hernan Aguilera Aguilera,residente1casa171@vista.cl,10.122.986-6,56994145533,PROPIETARIO,SI,SI,SI,E-171,,,BXFN22,AUTO,Volkswagen,T-Cross,Negro,,,,,,,,,,,,,,,
171,CASA,sector 6,Catalina Ortiz Lopez,residente2casa171@vista.cl,20.561.500-8,56938611881,RESIDENTE_ADICIONAL,SI,SI,NO,,,,,,,,,,,,,,,,,,,,,,,
171,CASA,sector 6,Antonella Ortiz Aguilera,residente3casa171@vista.cl,23.904.095-0,56968416623,RESIDENTE_ADICIONAL,SI,NO,NO,,,,,,,,,,,,,,,,,,,,,,,
172,CASA,sector 6,Maximo Carrasco Tapia,residente1casa172@vista.cl,20.573.291-8,56964284094,PROPIETARIO,SI,SI,SI,E-172,,,BEGB39,MOTO,Nissan,Qashqai,Gris,,,,,,,,,,,,,,,
173,CASA,sector 6,Agustin Lopez Muñoz,residente1casa173@vista.cl,17.952.193-8,56930981381,PROPIETARIO,SI,SI,SI,E-173,,,SBTB19,MOTO,Peugeot,208,Gris,UHCT66,AUTO,Volkswagen,T-Cross,Plata,,,,,,,,,,
174,CASA,sector 6,Sofia Sandoval Sandoval,residente1casa174@vista.cl,12.371.859-3,56926540343,PROPIETARIO,SI,SI,SI,E-174,,,QHXZ92,AUTO,Peugeot,208,Gris,,,,,,,,,,,,,,,
175,CASA,sector 6,Agustin Aguilera Sandoval,propietario_casa175@vista.cl,11.428.191-3,56950894954,PROPIETARIO,NO,NO,NO,,,,,,,,,,,,,,,,,,,,,,,
175,CASA,sector 6,Fernanda Herrera Núñez,residente1casa175@vista.cl,13.260.252-2,56925384377,ARRENDATARIO,SI,SI,SI,E-175,,,IKQN30,CAMIONETA,Mitsubishi,L200,Negro,,,,,,,,,,,,,,,
175,CASA,sector 6,Maite Lopez Pizarro,residente3casa175@vista.cl,24.298.401-3,56917299874,RESIDENTE_ADICIONAL,SI,NO,NO,,,,,,,,,,,,,,,,,,,,,,,
176,CASA,sector 6,Franco Rios Mendez,residente1casa176@vista.cl,11.678.477-7,56948270459,PROPIETARIO,SI,SI,SI,E-176,,,GFPY55,AUTO,Nissan,Versa,Negro,,,,,,,,,,,,,,,
176,CASA,sector 6,Rodrigo Perez Castro,residente2casa176@vista.cl,15.331.563-9,56975211190,RESIDENTE_ADICIONAL,SI,SI,NO,,,,,,,,,,,,,,,,,,,,,,,
177,CASA,sector 6,Constanza Fuentes Martinez,residente1casa177@vista.cl,21.401.463-7,56954501625,PROPIETARIO,SI,SI,SI,E-177,,,YEIU92,AUTO,Mazda,CX-5,Plata,,,,,,,,,,,,,,,
177,CASA,sector 6,Gonzalo Vega Ortiz,residente2casa177@vista.cl,17.471.866-0,56958149482,RESIDENTE_ADICIONAL,SI,SI,NO,,,,,,,,,,,,,,,,,,,,,,,
178,CASA,sector 6,Valentina Vergara Martinez,propietario_casa178@vista.cl,24.953.482-K,56982292089,PROPIETARIO,NO,NO,NO,,,,,,,,,,,,,,,,,,,,,,,
178,CASA,sector 6,Ignacio Peña Rivera,residente1casa178@vista.cl,22.905.038-9,56989193333,ARRENDATARIO,SI,SI,SI,E-178,,,BBAN13,CAMIONETA,Mitsubishi,L200,Verde,,,,,,,,,,,,,,,
178,CASA,sector 6,Agustina Rojas Sandoval,residente3casa178@vista.cl,14.372.416-6,56982943217,RESIDENTE_ADICIONAL,SI,SI,NO,,,,,,,,,,,,,,,,,,,,,,,
179,CASA,sector 6,Sofia Lopez Mendez,residente1casa179@vista.cl,24.226.774-5,56992414513,PROPIETARIO,SI,SI,SI,E-179,,,WDNC56,AUTO,Subaru,XV,Rojo,,,,,,,,,,,,,,,
180,CASA,sector 6,Josefa Reyes Pizarro,residente1casa180@vista.cl,19.492.759-2,56998504955,PROPIETARIO,SI,SI,SI,E-180,,,,,,,,,,,,,,,,,,,,,,
180,CASA,sector 6,Mauricio Sepulveda Acosta,residente2casa180@vista.cl,22.280.997-5,56974894729,RESIDENTE_ADICIONAL,NO,SI,NO,,,,,,,,,,,,,,,,,,,,,,,
180,CASA,sector 6,Carlos Ramos Gutierrez,residente3casa180@vista.cl,11.054.635-1,56945481411,RESIDENTE_ADICIONAL,SI,SI,NO,,,,,,,,,,,,,,,,,,,,,,,
181,CASA,sector 6,Cristian Vergara Acosta,residente1casa181@vista.cl,14.417.710-K,56987662596,PROPIETARIO,SI,SI,SI,E-181,,,WBQC76,AUTO,Volkswagen,Gol,Azul,,,,,,,,,,,,,,,
181,CASA,sector 6,Sebastian Pizarro Reyes,residente2casa181@vista.cl,16.319.298-5,56997734815,RESIDENTE_ADICIONAL,SI,SI,NO,,,,,,,,,,,,,,,,,,,,,,,
181,CASA,sector 6,Marcelo Perez Briones,residente3casa181@vista.cl,14.220.919-5,56960509993,RESIDENTE_ADICIONAL,NO,SI,NO,,,,,,,,,,,,,,,,,,,,,,,
182,CASA,sector 6,Constanza Ortiz Sepulveda,residente1casa182@vista.cl,13.135.756-7,56931120146,PROPIETARIO,SI,SI,SI,E-182,,,AWLF75,AUTO,Volkswagen,Gol,Azul,,,,,,,,,,,,,,,
182,CASA,sector 6,Martin Molina Olivares,residente2casa182@vista.cl,23.706.231-0,56925882013,RESIDENTE_ADICIONAL,SI,SI,NO,,,,,,,,,,,,,,,,,,,,,,,
182,CASA,sector 6,Benjamin Lagos Silva,residente3casa182@vista.cl,18.078.508-6,56974265413,RESIDENTE_ADICIONAL,SI,SI,NO,,,,,,,,,,,,,,,,,,,,,,,
183,CASA,sector 6,Daniela Reyes Briones,residente1casa183@vista.cl,16.802.428-2,56990444404,PROPIETARIO,SI,SI,SI,E-183,,,EQBO17,AUTO,Hyundai,Accent,Negro,,,,,,,,,,,,,,,
183,CASA,sector 6,Felipe Campos Muñoz,residente2casa183@vista.cl,24.738.934-2,56998817918,RESIDENTE_ADICIONAL,SI,NO,NO,,,,,,,,,,,,,,,,,,,,,,,
184,CASA,sector 6,Franco Henriquez Núñez,residente1casa184@vista.cl,12.813.903-6,56955992559,PROPIETARIO,SI,SI,SI,E-184,,,VPUV33,AUTO,Volkswagen,Gol,Rojo,,,,,,,,,,,,,,,
184,CASA,sector 6,Mateo Molina Peña,residente2casa184@vista.cl,11.154.992-3,56940845084,RESIDENTE_ADICIONAL,SI,SI,NO,,,,,,,,,,,,,,,,,,,,,,,
185,CASA,sector 6,Cristobal Catalan Torres,propietario_casa185@vista.cl,23.866.607-4,56930073763,PROPIETARIO,NO,NO,NO,,,,,,,,,,,,,,,,,,,,,,,
185,CASA,sector 6,Facundo Lopez Martinez,residente1casa185@vista.cl,20.124.624-5,56982381739,ARRENDATARIO,SI,SI,SI,E-185,,,PBUN25,AUTO,Kia,Cerato,Blanco,,,,,,,,,,,,,,,
185,CASA,sector 6,Roberto Gonzalez Catalan,residente3casa185@vista.cl,20.892.301-3,56967914523,RESIDENTE_ADICIONAL,SI,SI,NO,,,,,,,,,,,,,,,,,,,,,,,
186,CASA,sector 6,Fernanda Vega Carrasco,propietario_casa186@vista.cl,15.880.713-0,56989060695,PROPIETARIO,NO,NO,NO,,,,,,,,,,,,,,,,,,,,,,,
186,CASA,sector 6,Florencia Briones Gonzalez,residente1casa186@vista.cl,16.291.957-1,56997851693,ARRENDATARIO,SI,SI,SI,E-186,,,OLGT20,AUTO,Subaru,XV,Gris,KESU83,AUTO,Renault,Clio,Rojo,,,,,,,,,,
186,CASA,sector 6,Agustina Alvarez Espinoza,residente3casa186@vista.cl,16.859.282-5,56958623028,RESIDENTE_ADICIONAL,SI,SI,NO,,,,,,,,,,,,,,,,,,,,,,,
187,CASA,sector 6,Maite Fuentes Sandoval,residente1casa187@vista.cl,19.309.867-3,56974929189,PROPIETARIO,SI,SI,SI,E-187,,,HRTK81,AUTO,Peugeot,3008,Plata,,,,,,,,,,,,,,,
187,CASA,sector 6,Daniela Flores Pizarro,residente2casa187@vista.cl,15.777.340-2,56963436070,RESIDENTE_ADICIONAL,SI,NO,NO,,,,,,,,,,,,,,,,,,,,,,,
188,CASA,sector 6,Juan Olivares Diaz,residente1casa188@vista.cl,12.696.736-5,56962224611,PROPIETARIO,SI,SI,SI,E-188,,,CNUU88,AUTO,Honda,Civic,Azul,,,,,,,,,,,,,,,
188,CASA,sector 6,Alonso Gonzalez Soto,residente2casa188@vista.cl,23.811.934-0,56929505652,RESIDENTE_ADICIONAL,SI,SI,NO,,,,,,,,,,,,,,,,,,,,,,,
188,CASA,sector 6,Valentina Perez Núñez,residente3casa188@vista.cl,13.720.687-0,56959772648,RESIDENTE_ADICIONAL,SI,SI,NO,,,,,,,,,,,,,,,,,,,,,,,
189,CASA,sector 6,Sofia Castro Lopez,residente1casa189@vista.cl,23.487.370-9,56979545356,PROPIETARIO,SI,SI,SI,E-189,,,ZBUE73,AUTO,Volkswagen,T-Cross,Plata,,,,,,,,,,,,,,,
189,CASA,sector 6,Natalia Castro Rojas,residente2casa189@vista.cl,23.152.656-0,56990465529,RESIDENTE_ADICIONAL,SI,SI,NO,,,,,,,,,,,,,,,,,,,,,,,
189,CASA,sector 6,Rodrigo Morales Catalan,residente3casa189@vista.cl,10.605.005-8,56958283485,RESIDENTE_ADICIONAL,SI,SI,NO,,,,,,,,,,,,,,,,,,,,,,,
190,CASA,sector 6,Hernan Rivera Cortes,propietario_casa190@vista.cl,21.235.064-8,56963035211,PROPIETARIO,NO,NO,NO,,,,,,,,,,,,,,,,,,,,,,,
190,CASA,sector 6,Vicente Cortes Vergara,residente1casa190@vista.cl,13.796.608-5,56991384718,ARRENDATARIO,SI,SI,SI,E-190,,,TBCH81,AUTO,Kia,Sportage,Rojo,,,,,,,,,,,,,,,
190,CASA,sector 6,Antonia Ortiz Rivera,residente3casa190@vista.cl,19.645.334-2,56910624307,RESIDENTE_ADICIONAL,SI,SI,NO,,,,,,,,,,,,,,,,,,,,,,,
190,CASA,sector 6,Antonella Sandoval Perez,residente4casa190@vista.cl,18.441.777-4,56949493811,RESIDENTE_ADICIONAL,SI,SI,NO,,,,,,,,,,,,,,,,,,,,,,,
191,CASA,sector 6,Mateo Catalan Ortiz,residente1casa191@vista.cl,19.845.315-3,56913670948,PROPIETARIO,SI,SI,SI,E-191,,,LJMG53,AUTO,Peugeot,3008,Verde,,,,,,,,,,,,,,,
191,CASA,sector 6,Facundo Silva Núñez,residente2casa191@vista.cl,11.133.372-6,56961361533,RESIDENTE_ADICIONAL,SI,NO,NO,,,,,,,,,,,,,,,,,,,,,,,
192,CASA,sector 6,Roberto Valdes Perez,residente1casa192@vista.cl,19.303.830-1,56933955951,PROPIETARIO,SI,SI,SI,E-192,,,AVGC96,AUTO,Mazda,CX-5,Azul,,,,,,,,,,,,,,,
192,CASA,sector 6,Facundo Espinoza Cortes,residente2casa192@vista.cl,13.666.931-1,56987002404,RESIDENTE_ADICIONAL,SI,NO,NO,,,,,,,,,,,,,,,,,,,,,,,
193,CASA,sector 6,Trinidad Contreras Silva,residente1casa193@vista.cl,11.316.802-1,56999043272,PROPIETARIO,SI,SI,SI,E-193,,,GGFV89,AUTO,Kia,Sportage,Gris,,,,,,,,,,,,,,,
193,CASA,sector 6,Santiago Herrera Gonzalez,residente2casa193@vista.cl,22.821.890-1,56982675403,RESIDENTE_ADICIONAL,NO,SI,NO,,,,,,,,,,,,,,,,,,,,,,,
193,CASA,sector 6,Martin Herrera Espinoza,residente3casa193@vista.cl,18.260.100-4,56987110685,RESIDENTE_ADICIONAL,SI,SI,NO,,,,,,,,,,,,,,,,,,,,,,,
194,CASA,sector 6,Vicente Rivera Catalan,residente1casa194@vista.cl,23.017.508-K,56933461307,PROPIETARIO,SI,SI,SI,E-194,,,DNLY14,AUTO,Chevrolet,Sail,Rojo,,,,,,,,,,,,,,,
194,CASA,sector 6,Mateo Silva Alvarez,residente2casa194@vista.cl,18.694.039-3,56971749629,RESIDENTE_ADICIONAL,SI,SI,NO,,,,,,,,,,,,,,,,,,,,,,,
194,CASA,sector 6,Juan Ortiz Carrasco,residente3casa194@vista.cl,19.747.700-8,56923522144,RESIDENTE_ADICIONAL,SI,SI,NO,,,,,,,,,,,,,,,,,,,,,,,
195,CASA,sector 6,Patricio Rivera Vergara,residente1casa195@vista.cl,17.561.977-1,56934144323,PROPIETARIO,SI,SI,SI,E-195,,,IELK57,AUTO,Volkswagen,Gol,Gris,,,,,,,,,,,,,,,
195,CASA,sector 6,Felipe Martinez Pizarro,residente2casa195@vista.cl,21.509.370-0,56940677709,RESIDENTE_ADICIONAL,SI,SI,NO,,,,,,,,,,,,,,,,,,,,,,,
196,CASA,sector 6,Agustin Contreras Alvarez,residente1casa196@vista.cl,12.740.422-4,56918057946,PROPIETARIO,SI,SI,SI,E-196,,,YDUE73,AUTO,Kia,Sportage,Negro,SUHO82,CAMIONETA,Ford,Ranger,Blanco,,,,,,,,,,
196,CASA,sector 6,Agustina Núñez Vega,residente2casa196@vista.cl,24.075.609-9,56994538675,RESIDENTE_ADICIONAL,SI,SI,NO,,,,,,,,,,,,,,,,,,,,,,,
197,CASA,sector 6,Gabriel Rios Aguilera,residente1casa197@vista.cl,12.928.275-4,56948199537,PROPIETARIO,SI,SI,SI,E-197,,,KJRP83,CAMIONETA,Chevrolet,Colorado,Rojo,,,,,,,,,,,,,,,
197,CASA,sector 6,Vicente Espinoza Catalan,residente2casa197@vista.cl,18.563.838-3,56975430302,RESIDENTE_ADICIONAL,SI,SI,NO,,,,,,,,,,,,,,,,,,,,,,,
198,CASA,sector 6,Mateo Campos Sepulveda,propietario_casa198@vista.cl,24.566.946-1,56932491607,PROPIETARIO,NO,NO,NO,,,,,,,,,,,,,,,,,,,,,,,
198,CASA,sector 6,Matias Espinoza Rios,residente1casa198@vista.cl,14.888.148-0,56945899536,ARRENDATARIO,SI,SI,SI,E-198,,,PKXC53,AUTO,Nissan,Qashqai,Negro,,,,,,,,,,,,,,,
198,CASA,sector 6,Javier Rios Rivera,residente3casa198@vista.cl,14.550.787-1,56969713250,RESIDENTE_ADICIONAL,SI,NO,NO,,,,,,,,,,,,,,,,,,,,,,,
199,CASA,sector 6,Valentina Ortiz Morales,residente1casa199@vista.cl,16.661.319-1,56923825676,PROPIETARIO,SI,SI,SI,E-199,,,ASRY99,AUTO,Kia,Cerato,Azul,,,,,,,,,,,,,,,
199,CASA,sector 6,Antonella Perez Vega,residente2casa199@vista.cl,19.201.191-4,56917224328,RESIDENTE_ADICIONAL,SI,SI,NO,,,,,,,,,,,,,,,,,,,,,,,
200,CASA,sector 6,Javiera Martinez Briones,residente1casa200@vista.cl,24.067.993-0,56932898616,PROPIETARIO,SI,SI,SI,E-200,,,YKFT66,AUTO,Hyundai,Accent,Azul,,,,,,,,,,,,,,,
201,CASA,sector 6,Mauricio Espinoza Vega,propietario_casa201@vista.cl,17.838.205-5,56982555977,PROPIETARIO,NO,NO,NO,,,,,,,,,,,,,,,,,,,,,,,
201,CASA,sector 6,Fernanda Soto Tapia,residente1casa201@vista.cl,15.165.171-2,56959094606,ARRENDATARIO,SI,SI,SI,E-201,,,ZSEP90,AUTO,Peugeot,208,Azul,LQNX71,CAMIONETA,Ford,Ranger,Rojo,,,,,,,,,,
201,CASA,sector 6,Maximo Núñez Sepulveda,residente3casa201@vista.cl,15.093.108-8,56911416778,RESIDENTE_ADICIONAL,SI,SI,NO,,,,,,,,,,,,,,,,,,,,,,,
202,CASA,sector 6,Fernanda Gonzalez Sandoval,residente1casa202@vista.cl,16.268.704-2,56935309568,PROPIETARIO,SI,SI,SI,E-202,,,MTHT47,AUTO,Toyota,Corolla,Rojo,,,,,,,,,,,,,,,
202,CASA,sector 6,Maximo Sandoval Vargas,residente2casa202@vista.cl,16.622.840-9,56943540489,RESIDENTE_ADICIONAL,SI,SI,NO,,,,,,,,,,,,,,,,,,,,,,,
203,CASA,sector 6,Gabriel Acosta Aguilera,residente1casa203@vista.cl,23.569.557-K,56946080681,PROPIETARIO,SI,SI,SI,E-203,,,NUPS44,AUTO,Suzuki,Swift,Gris,,,,,,,,,,,,,,,
203,CASA,sector 6,Maximo Castro Perez,residente2casa203@vista.cl,13.060.284-3,56928337367,RESIDENTE_ADICIONAL,SI,SI,NO,,,,,,,,,,,,,,,,,,,,,,,
204,CASA,sector 6,Javiera Olivares Tapia,residente1casa204@vista.cl,22.198.832-9,56911101134,PROPIETARIO,SI,SI,SI,E-204,,,DZAZ46,AUTO,Kia,Sportage,Gris,,,,,,,,,,,,,,,
204,CASA,sector 6,Fernanda Soto Sepulveda,residente2casa204@vista.cl,10.247.041-9,56976247126,RESIDENTE_ADICIONAL,SI,SI,NO,E-204,,,,,,,,,,,,,,,,,,,,,,
